{"css":"","framework":"duck-10.0.0","title":"DVD プレーヤーヘルプ","build_id":"5748cac2680ce24c30716668","icon":"..\/SharedGlobalArt\/AppIconDefault_DVD.png","sections":{"cp6696074bcc":{"name":"高度な機能","children":["dvdpe9c49f6c","dvdp75b83f20","dvdp2951112b"]},"cpd16c11c429":{"name":"DVD を再生する","children":["dvdp1fe13dc6","dvdpc544c7bd","cpdv1503"]},"cpe628a4eff3":{"name":"再生をカスタマイズする","children":["dvdp7a064d1e","dvdp80843490","dvdpb345d91c"]},"cp19099363fc":{"name":"DVD プレーヤーの環境設定を設定する","children":["dvdp27aac27d","dvdp0a2b41ad","dvdp0a5af3e2"]}},"birdseed_version":5,"toc":["dvdpe3f14407","cpd16c11c429","cpe628a4eff3","cp19099363fc","cp6696074bcc","dvdp002","dvdp7b6ba5fb"],"locale":"ja","version":"10.12","enable_tracking":false,"source_schema":"apd-schema","platform":"mac","build_date":"2016.05.27-15:42:18","landing":"dvdp34657","product":"dvdplayer","urls":{},"copyright":"","show_previous_next":false,"topics":{"cpdv1503":{"name":"DVD ドライブのリージョンを設定する"},"dvdpb345d91c":{"name":"オーディオ出力をカスタマイズする"},"cpprefhd":{"name":"「高解像度」環境設定","searchName":"「DVD プレーヤー」の「高解像度」環境設定"},"dvdpe3f14407":{"name":"DVD プレーヤーの概要"},"dvdp1fe13dc6":{"name":"DVD または DVD ムービーファイルを再生する"},"cp07b793f71b":{"name":"「ウインドウ」環境設定","searchName":"「DVD プレーヤー」の「ウインドウ」環境設定"},"cpgetinfo":{"name":"ディスク情報リファレンス","searchName":"DVD ディスク情報リファレンス"},"cpprefsetup":{"name":"「ディスク設定」環境設定","searchName":"「DVD プレーヤー」の「ディスク設定」環境設定"},"cpc33eab4374":{"name":"「プレーヤー」環境設定","searchName":"「DVD プレーヤー」の「プレーヤー」環境設定"},"dvdp7b6ba5fb":{"name":"トラブルシューティング"},"dvdp7f7af460":{"name":"DVD から Web サイトにアクセスする","searchName":"「DVD プレーヤー」内の DVD から Web サイトにアクセスする"},"dvdpc544c7bd":{"name":"ムービーのチャプタとブックマークを使う"},"dvdp80843490":{"name":"ビデオの拡大／縮小、再生品質、ビデオカラーを変更する"},"dvdp7a064d1e":{"name":"ムービーウインドウのサイズと位置を変更する"},"dvdp0a2b41ad":{"name":"ムービーウインドウの環境設定を設定する"},"dvdp2c6b4c36":{"name":"ディスクの停止時にカスタムイメージを表示する"},"cpgetparent":{"name":"「ペアレンタルコントロール」環境設定","searchName":"「DVD プレーヤー」の「ペアレンタルコントロール」環境設定"},"cp298cc6ec17":{"name":"「視聴再開」環境設定","searchName":"「DVD プレーヤー」の「視聴再開」環境設定"},"dvdp34657":{"name":"DVD プレーヤーヘルプ","href":"dvdp34657.html","categories":["landing"]},"dvdp27aac27d":{"name":"字幕、言語、クローズドキャプションの環境設定を設定する"},"dvdp75b83f20":{"name":"ディスクを認証してペアレンタルコントロールを使う","searchName":"ディスクを認証して「DVD プレーヤー」でペアレンタルコントロールを使う"},"dvdp2951112b":{"name":"スリープタイマーを設定する","searchName":"「DVD プレーヤー」でスリープタイマーを設定する"},"dvdp0a5af3e2":{"name":"ディスクの環境設定を再利用する"},"dvdp002":{"name":"キーボードショートカットとジェスチャ","href":"dvdp002.html"},"dvdpe9c49f6c":{"name":"ディスク情報を見る","searchName":"DVD ムービーのディスク情報を見る"}},"copyright_text":"© 2016 Apple Inc.All rights reserved."}