{"css":"","framework":"duck-10.0.0","title":"Довідка DVD-плеєра","build_id":"5748cabe680ce24c30716653","icon":"..\/SharedGlobalArt\/AppIconDefault_DVD.png","sections":{"cp6696074bcc":{"name":"Додаткові можливості","children":["dvdpe9c49f6c","dvdp75b83f20","dvdp2951112b"]},"cpd16c11c429":{"name":"Відтворення DVD-дисків","children":["dvdp1fe13dc6","dvdpc544c7bd","cpdv1503"]},"cpe628a4eff3":{"name":"Настроювання відтворення","children":["dvdp7a064d1e","dvdp80843490","dvdpb345d91c"]},"cp19099363fc":{"name":"Задання параметрів DVD-плеєра","children":["dvdp27aac27d","dvdp0a2b41ad","dvdp0a5af3e2"]}},"birdseed_version":5,"toc":["dvdpe3f14407","cpd16c11c429","cpe628a4eff3","cp19099363fc","cp6696074bcc","dvdp002","dvdp7b6ba5fb"],"locale":"uk","version":"10.12","enable_tracking":false,"source_schema":"apd-schema","platform":"mac","build_date":"2016.05.27-15:46:39","landing":"dvdp34657","product":"dvdplayer","urls":{},"copyright":"","show_previous_next":false,"topics":{"cpdv1503":{"name":"Задання регіону для DVD-дисковода"},"dvdpb345d91c":{"name":"Настроювання виведення звуку"},"cpprefhd":{"name":"Параметри High Definition","searchName":"Параметри High Definition у DVD-плеєрі"},"dvdpe3f14407":{"name":"Огляд DVD-плеєра"},"dvdp1fe13dc6":{"name":"Відтворення DVD-диска або файла DVD-фільму"},"cp07b793f71b":{"name":"Параметри Windows","searchName":"Параметри Windows у DVD-плеєрі"},"cpgetinfo":{"name":"Посилання на Досьє диска","searchName":"Посилання на Досьє DVD-диска"},"cpprefsetup":{"name":"Параметри настроювання диска","searchName":"Параметри настроювання диска у DVD-плеєрі"},"cpc33eab4374":{"name":"Параметри програвача","searchName":"Параметри програвача у DVD-плеєрі"},"dvdp7b6ba5fb":{"name":"Усунення неполадок"},"dvdp7f7af460":{"name":"Отримання доступу до веб-сайтів із DVD-дисків","searchName":"Отримання доступу до веб-сайтів із DVD-дисків у DVD-плеєрі"},"dvdpc544c7bd":{"name":"Використання розділів фільмів і закладок"},"dvdp80843490":{"name":"Змінення масштабування, якості та кольору відео"},"dvdp7a064d1e":{"name":"Змінення розміру й місцеположення вікна фільму"},"dvdp0a2b41ad":{"name":"Задання параметрів вікна фільму"},"dvdp2c6b4c36":{"name":"Показ власного зображення, коли відтворення диска припинено"},"cpgetparent":{"name":"Параметри батьківського контролю","searchName":"Параметри батьківського контролю у DVD-плеєрі"},"cp298cc6ec17":{"name":"Параметри попередньо переглянутого","searchName":"Параметри попередньо переглянутого у DVD-плеєрі"},"dvdp34657":{"name":"Довідка DVD-плеєра","href":"dvdp34657.html","categories":["landing"]},"dvdp27aac27d":{"name":"Задання параметрів субтитрів, мови та супровідного тексту"},"dvdp75b83f20":{"name":"Увімкнення функції батьківського контролю та авторизація дисків","searchName":"Увімкнення функції батьківського контролю та авторизація дисків у DVD-плеєрі"},"dvdp2951112b":{"name":"Задання таймера сну","searchName":"Задання таймера сну в DVD-плеєрі"},"dvdp0a5af3e2":{"name":"Повторне використання параметрів диска"},"dvdp002":{"name":"Скорочення та жести клавіатури","href":"dvdp002.html"},"dvdpe9c49f6c":{"name":"Перегляд Досьє диска","searchName":"Отримання досьє для DVD-диска з фільмом"}},"copyright_text":"© 2016, Apple Inc. Всі права захищені."}