{"css":"","framework":"duck-10.0.0","title":"DVD Player Help","build_id":"57328aaa09462223795111fc","icon":"..\/SharedGlobalArt\/AppIconDefault_DVD.png","sections":{"cp6696074bcc":{"name":"Advanced features","children":["dvdpe9c49f6c","dvdp75b83f20","dvdp2951112b"]},"cpd16c11c429":{"name":"Play DVDs","children":["dvdp1fe13dc6","dvdpc544c7bd","cpdv1503"]},"cpe628a4eff3":{"name":"Customize playback","children":["dvdp7a064d1e","dvdp80843490","dvdpb345d91c"]},"cp19099363fc":{"name":"Set DVD Player preferences","children":["dvdp27aac27d","dvdp0a2b41ad","dvdp0a5af3e2"]}},"birdseed_version":5,"toc":["dvdpe3f14407","cpd16c11c429","cpe628a4eff3","cp19099363fc","cp6696074bcc","dvdp002","dvdp7b6ba5fb"],"locale":"en","version":"10.12","enable_tracking":false,"source_schema":"apd-schema","collect_feedback":true,"platform":"mac","build_date":"2016.05.10-21:02:45","landing":"dvdp34657","product":"dvdplayer","urls":{},"copyright":"","show_previous_next":false,"topics":{"cpdv1503":{"name":"Set your DVD drive region"},"dvdpb345d91c":{"name":"Customize audio output"},"cpprefhd":{"name":"High Definition preferences","searchName":"High Definition preferences in DVD Player"},"dvdpe3f14407":{"name":"DVD Player overview"},"dvdp1fe13dc6":{"name":"Play a DVD or DVD movie file"},"cp07b793f71b":{"name":"Windows preferences","searchName":"Windows preferences in DVD Player"},"cpgetinfo":{"name":"Disc Info reference","searchName":"DVD Disc Info reference"},"cpprefsetup":{"name":"Disc Setup preferences","searchName":"Disc Setup preferences in DVD Player"},"cpc33eab4374":{"name":"Player preferences","searchName":"Player preferences in DVD Player"},"dvdp7b6ba5fb":{"name":"Troubleshooting"},"dvdp7f7af460":{"name":"Access websites from DVDs","searchName":"Access websites from DVDs in DVD Player"},"dvdpc544c7bd":{"name":"Use movie chapters and bookmarks"},"dvdp80843490":{"name":"Change video zoom, quality, and color"},"dvdp7a064d1e":{"name":"Change movie window size and location"},"dvdp0a2b41ad":{"name":"Set movie window preferences"},"dvdp2c6b4c36":{"name":"Show a custom image when a disc stops"},"cpgetparent":{"name":"Parental Control preferences","searchName":"Parental Control preferences in DVD Player"},"cp298cc6ec17":{"name":"Previously Viewed preferences","searchName":"Previously Viewed preferences in DVD Player"},"dvdp34657":{"name":"DVD Player Help","href":"dvdp34657.html","categories":["landing"]},"dvdp27aac27d":{"name":"Set subtitle, language, and closed captioning preferences"},"dvdp75b83f20":{"name":"Turn on parental controls and authorize discs","searchName":"Turn on parental controls and authorize discs in DVD Player"},"dvdp2951112b":{"name":"Set a sleep timer","searchName":"Set a sleep timer in DVD Player"},"dvdp0a5af3e2":{"name":"Reuse a disc’s preferences"},"dvdp002":{"name":"Keyboard shortcuts and gestures","href":"dvdp002.html"},"dvdpe9c49f6c":{"name":"Get disc info","searchName":"Get DVD movie disc info"}},"copyright_text":"© 2016 Apple Inc. All rights reserved."}