{"css":"","framework":"duck-10.0.0","title":"Справка DVD-плеера","build_id":"5748cae2680ce24c30716709","icon":"..\/SharedGlobalArt\/AppIconDefault_DVD.png","sections":{"cp6696074bcc":{"name":"Расширенные функции","children":["dvdpe9c49f6c","dvdp75b83f20","dvdp2951112b"]},"cpd16c11c429":{"name":"Воспроизведение DVD-дисков","children":["dvdp1fe13dc6","dvdpc544c7bd","cpdv1503"]},"cpe628a4eff3":{"name":"Настройка воспроизведения","children":["dvdp7a064d1e","dvdp80843490","dvdpb345d91c"]},"cp19099363fc":{"name":"Настройка параметров DVD-плеера","children":["dvdp27aac27d","dvdp0a2b41ad","dvdp0a5af3e2"]}},"birdseed_version":5,"toc":["dvdpe3f14407","cpd16c11c429","cpe628a4eff3","cp19099363fc","cp6696074bcc","dvdp002","dvdp7b6ba5fb"],"locale":"ru","version":"10.12","enable_tracking":false,"source_schema":"apd-schema","platform":"mac","build_date":"2016.05.27-15:49:30","landing":"dvdp34657","product":"dvdplayer","urls":{},"copyright":"","show_previous_next":false,"topics":{"cpdv1503":{"name":"Выбор региона DVD-дисковода"},"dvdpb345d91c":{"name":"Выбор аудиовыхода"},"cpprefhd":{"name":"Параметры панели «Высокая четкость»","searchName":"Раздел настроек «Высокая четкость» в DVD-плеере"},"dvdpe3f14407":{"name":"Общие сведения о DVD-плеере"},"dvdp1fe13dc6":{"name":"Воспроизведение DVD-диска или DVD-файла фильма"},"cp07b793f71b":{"name":"Настройки окон","searchName":"Раздел настроек «Окна» в DVD-плеере"},"cpgetinfo":{"name":"Получение информации о диске","searchName":"Получение информации о DVD-диске"},"cpprefsetup":{"name":"Параметры панели «Настройка диска»","searchName":"Раздел настроек «Настройка диска» в DVD-плеере"},"cpc33eab4374":{"name":"Настройки плеера","searchName":"Раздел настроек «Плеер» в DVD-плеере"},"dvdp7b6ba5fb":{"name":"Устранение неполадок"},"dvdp7f7af460":{"name":"Переход с DVD-дисков на веб-сайты","searchName":"Переход с DVD-дисков на веб-сайты в DVD-плеере"},"dvdpc544c7bd":{"name":"Использование глав и закладок в фильме"},"dvdp80843490":{"name":"Изменение цвета, качества и масштаба видео"},"dvdp7a064d1e":{"name":"Изменение размера и расположения окна фильма"},"dvdp0a2b41ad":{"name":"Настройка параметров окна фильма"},"dvdp2c6b4c36":{"name":"Показ заставки при остановке диска"},"cpgetparent":{"name":"Панель параметров «Родительский контроль»","searchName":"Раздел настроек «Родительский контроль» в DVD-плеере"},"cp298cc6ec17":{"name":"Настройки недавнего просмотра","searchName":"Раздел настроек «Недавний просмотр» в DVD-плеере"},"dvdp34657":{"name":"Справка DVD-плеера","href":"dvdp34657.html","categories":["landing"]},"dvdp27aac27d":{"name":"Настройка параметров языка и субтитров"},"dvdp75b83f20":{"name":"Включение родительского контроля и авторизации дисков","searchName":"Включение родительского контроля и авторизации дисков в программе «DVD-плеер»"},"dvdp2951112b":{"name":"Установка таймера сна","searchName":"Установка таймера сна в DVD-плеере"},"dvdp0a5af3e2":{"name":"Повторное использование настроек диска"},"dvdp002":{"name":"Сочетания клавиш и жесты","href":"dvdp002.html"},"dvdpe9c49f6c":{"name":"Получение информации о диске","searchName":"Получение информации о музыкальном DVD"}},"copyright_text":"© 2016 Apple Inc. Все права защищены."}