{"css":"","framework":"duck-10.0.0","title":"Βοήθεια για το DVD Player","build_id":"5748cad6680ce24c307166ca","icon":"..\/SharedGlobalArt\/AppIconDefault_DVD.png","sections":{"cp6696074bcc":{"name":"Προηγμένες δυνατότητες","children":["dvdpe9c49f6c","dvdp75b83f20","dvdp2951112b"]},"cpd16c11c429":{"name":"Αναπαραγωγή DVD","children":["dvdp1fe13dc6","dvdpc544c7bd","cpdv1503"]},"cpe628a4eff3":{"name":"Προσαρμογή αναπαραγωγής","children":["dvdp7a064d1e","dvdp80843490","dvdpb345d91c"]},"cp19099363fc":{"name":"Καθορισμός προτιμήσεων για το DVD Player","children":["dvdp27aac27d","dvdp0a2b41ad","dvdp0a5af3e2"]}},"birdseed_version":5,"toc":["dvdpe3f14407","cpd16c11c429","cpe628a4eff3","cp19099363fc","cp6696074bcc","dvdp002","dvdp7b6ba5fb"],"locale":"el","version":"10.12","enable_tracking":false,"source_schema":"apd-schema","platform":"mac","build_date":"2016.05.27-15:49:33","landing":"dvdp34657","product":"dvdplayer","urls":{},"copyright":"","show_previous_next":false,"topics":{"cpdv1503":{"name":"Καθορισμός της περιοχής μονάδας δίσκου DVD"},"dvdpb345d91c":{"name":"Προσαρμογή εξόδου ήχου"},"cpprefhd":{"name":"Προτιμήσεις για την Υψηλή ευκρίνεια","searchName":"Προτιμήσεις για την Υψηλή ευκρίνεια στο DVD Player"},"dvdpe3f14407":{"name":"Επισκόπηση του DVD Player"},"dvdp1fe13dc6":{"name":"Αναπαραγωγή DVD ή αρχείου ταινίας DVD"},"cp07b793f71b":{"name":"Προτιμήσεις για τα Παράθυρα","searchName":"Προτιμήσεις για τα Παράθυρα στο DVD Player"},"cpgetinfo":{"name":"Προτιμήσεις για «Πληροφορίες δίσκου»","searchName":"Προτιμήσεις για πληροφορίες δίσκου DVD"},"cpprefsetup":{"name":"Προτιμήσεις για τη «Διαμόρφωση δίσκου»","searchName":"Προτιμήσεις για τις Επιλογές δίσκου στο DVD Player"},"cpc33eab4374":{"name":"Προτιμήσεις για το Πρόγραμμα αναπαραγωγής","searchName":"Προτιμήσεις για το Πρόγραμμα αναπαραγωγής στο DVD Player"},"dvdp7b6ba5fb":{"name":"Αντιμετώπιση προβλημάτων"},"dvdp7f7af460":{"name":"Πρόσβαση σε ιστότοπους από DVD","searchName":"Πρόσβαση σε ιστότοπους από DVD στο DVD Player"},"dvdpc544c7bd":{"name":"Χρήση κεφαλαίων και σελιδοδεικτών ταινίας"},"dvdp80843490":{"name":"Αλλαγή ζουμ, ποιότητας και χρωμάτων βίντεο"},"dvdp7a064d1e":{"name":"Αλλαγή του μεγέθους και της θέσης του παραθύρου ταινίας"},"dvdp0a2b41ad":{"name":"Ρύθμιση προτιμήσεων παραθύρου ταινίας"},"dvdp2c6b4c36":{"name":"Εμφάνιση προσαρμοσμένης εικόνας μετά τη διακοπή ενός δίσκου"},"cpgetparent":{"name":"Προτιμήσεις για τη λειτουργία «Γονικός έλεγχος»","searchName":"Προτιμήσεις για τον Γονικό έλεγχο στο DVD Player"},"cp298cc6ec17":{"name":"Προτιμήσεις για τις Προηγούμενες προβολές","searchName":"Προτιμήσεις για τις Προηγούμενες προβολές στο DVD Player"},"dvdp34657":{"name":"Βοήθεια για το DVD Player","href":"dvdp34657.html","categories":["landing"]},"dvdp27aac27d":{"name":"Καθορισμός προτιμήσεων υπότιτλων, γλώσσας και κλειστών λεζαντών"},"dvdp75b83f20":{"name":"Ενεργοποίηση του Γονικού ελέγχου και εξουσιοδότηση δίσκων","searchName":"Ενεργοποίηση του Γονικού ελέγχου και εξουσιοδότηση δίσκων στο DVD Player"},"dvdp2951112b":{"name":"Ρύθμιση αντίστροφης μέτρησης για ύπνο","searchName":"Χρήση αντίστροφης μέτρησης για ύπνο στο DVD Player"},"dvdp0a5af3e2":{"name":"Επαναχρησιμοποίηση προτιμήσεων για έναν δίσκο"},"dvdp002":{"name":"Συντομεύσεις πληκτρολογίου και χειρονομίες","href":"dvdp002.html"},"dvdpe9c49f6c":{"name":"Λήψη πληροφοριών δίσκου","searchName":"Λήψη πληροφοριών δίσκου ταινίας DVD"}},"copyright_text":"© 2016 Apple Inc. Με επιφύλαξη κάθε δικαιώματος."}