{"css":"","framework":"duck-10.0.0","title":"Ajuda Reproductor de DVD","build_id":"5748cab9680ce24c30716637","icon":"..\/SharedGlobalArt\/AppIconDefault_DVD.png","sections":{"cp6696074bcc":{"name":"Funcions avançades","children":["dvdpe9c49f6c","dvdp75b83f20","dvdp2951112b"]},"cpd16c11c429":{"name":"Reproduir DVD","children":["dvdp1fe13dc6","dvdpc544c7bd","cpdv1503"]},"cpe628a4eff3":{"name":"Personalitzar la reproducció","children":["dvdp7a064d1e","dvdp80843490","dvdpb345d91c"]},"cp19099363fc":{"name":"Configurar les preferències del Reproductor de DVD","children":["dvdp27aac27d","dvdp0a2b41ad","dvdp0a5af3e2"]}},"birdseed_version":5,"toc":["dvdpe3f14407","cpd16c11c429","cpe628a4eff3","cp19099363fc","cp6696074bcc","dvdp002","dvdp7b6ba5fb"],"locale":"ca","version":"10.12","enable_tracking":false,"source_schema":"apd-schema","platform":"mac","build_date":"2016.05.27-15:34:47","landing":"dvdp34657","product":"dvdplayer","urls":{},"copyright":"","show_previous_next":false,"topics":{"cpdv1503":{"name":"Configurar la regió de la unitat de DVD"},"dvdpb345d91c":{"name":"Personalitzar la sortida d’àudio"},"cpprefhd":{"name":"Preferències “Alta definició”","searchName":"Tauler de preferències “Alta definició” del Reproductor de DVD"},"dvdpe3f14407":{"name":"Resum del Reproductor de DVD"},"dvdp1fe13dc6":{"name":"Reproduir un DVD o un arxiu de pel·lícula DVD"},"cp07b793f71b":{"name":"Tauler de preferències Finestres","searchName":"Tauler de preferències Finestres del Reproductor de DVD"},"cpgetinfo":{"name":"Referència “Informació del disc”","searchName":"Referència “Informació del disc DVD”"},"cpprefsetup":{"name":"Preferències “Configuració del disc”","searchName":"Tauler de preferències “Configuració del disc” del Reproductor de DVD"},"cpc33eab4374":{"name":"Tauler de preferències Reproductor","searchName":"Tauler de preferències Reproductor del Reproductor de DVD"},"dvdp7b6ba5fb":{"name":"Solució de problemes"},"dvdp7f7af460":{"name":"Accedir a llocs web des dels DVD","searchName":"Accedir a llocs web des dels DVD al Reproductor de DVD"},"dvdpc544c7bd":{"name":"Utilitzar capítols i marcadors del vídeo"},"dvdp80843490":{"name":"Canviar el zoom, la qualitat i el color de vídeo"},"dvdp7a064d1e":{"name":"Canviar la mida i la ubicació de la finestra de vídeo"},"dvdp0a2b41ad":{"name":"Configurar les preferències de la finestra del vídeo"},"dvdp2c6b4c36":{"name":"Mostrar una imatge personalitzada quan un disc s’atura"},"cpgetparent":{"name":"Preferències “Control parental”","searchName":"Tauler de control “Control parental” del Reproductor de DVD"},"cp298cc6ec17":{"name":"Tauler de preferències “Vist prèviament”","searchName":"Tauler de preferències “Vist prèviament” del Reproductor de DVD"},"dvdp34657":{"name":"Ajuda Reproductor de DVD","href":"dvdp34657.html","categories":["landing"]},"dvdp27aac27d":{"name":"Configurar els subtítols, l’idioma i els subtítols descriptius"},"dvdp75b83f20":{"name":"Activar els controls parentals i autoritzar discos","searchName":"Activar els controls parentals i autoritzar discos al Reproductor de DVD"},"dvdp2951112b":{"name":"Configurar el temporitzador de repòs","searchName":"Configurar el temporitzador de repòs al Reproductor de DVD"},"dvdp0a5af3e2":{"name":"Reutilitzar les preferències d’un disc"},"dvdp002":{"name":"Gestos i dreceres del teclat","href":"dvdp002.html"},"dvdpe9c49f6c":{"name":"Obtenir informació del disc","searchName":"Obtenir informació del disc DVD de pel·lícula"}},"copyright_text":"© 2016 Apple Inc. Tots els drets reservats."}