{"css":"","framework":"duck-10.0.0","title":"Ayuda de Reproductor de DVD","build_id":"5748cac0680ce24c30716661","icon":"..\/SharedGlobalArt\/AppIconDefault_DVD.png","sections":{"cp6696074bcc":{"name":"Funciones avanzadas","children":["dvdpe9c49f6c","dvdp75b83f20","dvdp2951112b"]},"cpd16c11c429":{"name":"Reproducir discos DVD","children":["dvdp1fe13dc6","dvdpc544c7bd","cpdv1503"]},"cpe628a4eff3":{"name":"Personalizar la reproducción","children":["dvdp7a064d1e","dvdp80843490","dvdpb345d91c"]},"cp19099363fc":{"name":"Configurar las preferencias de Reproductor de DVD","children":["dvdp27aac27d","dvdp0a2b41ad","dvdp0a5af3e2"]}},"birdseed_version":5,"toc":["dvdpe3f14407","cpd16c11c429","cpe628a4eff3","cp19099363fc","cp6696074bcc","dvdp002","dvdp7b6ba5fb"],"locale":"es-mx","version":"10.12","enable_tracking":false,"source_schema":"apd-schema","platform":"mac","build_date":"2016.05.27-15:41:27","landing":"dvdp34657","product":"dvdplayer","urls":{},"copyright":"","show_previous_next":false,"topics":{"cpdv1503":{"name":"Configurar las regiones de la unidad de DVD"},"dvdpb345d91c":{"name":"Personalizar la salida de audio"},"cpprefhd":{"name":"Panel de preferencias “Alta definición”","searchName":"Panel de preferencias “Alta definición” de Reproductor de DVD"},"dvdpe3f14407":{"name":"Visión general del Reproductor de DVD"},"dvdp1fe13dc6":{"name":"Reproducir un disco DVD o un archivo con formato DVD"},"cp07b793f71b":{"name":"Panel de preferencias Ventanas","searchName":"Panel de preferencias Ventanas de Reproductor de DVD"},"cpgetinfo":{"name":"Referencia de la información del disco","searchName":"Referencia de la información del disco del DVD"},"cpprefsetup":{"name":"Panel de preferencias “Configuración del disco”","searchName":"Panel de preferencias “Configuración de disco” de Reproductor de DVD"},"cpc33eab4374":{"name":"Panel de preferencias Reproductor","searchName":"Panel de preferencias Reproductor de Reproductor de DVD"},"dvdp7b6ba5fb":{"name":"Solucionar problemas"},"dvdp7f7af460":{"name":"Acceder a sitios web desde discos DVD","searchName":"Acceder a páginas web desde DVD en el Reproductor de DVD"},"dvdpc544c7bd":{"name":"Usar capítulos y marcadores de video"},"dvdp80843490":{"name":"Cambiar el zoom, la calidad y el color del video"},"dvdp7a064d1e":{"name":"Cambiar el tamaño y la ubicación de la ventana de video"},"dvdp0a2b41ad":{"name":"Configurar las preferencias de la ventana del video"},"dvdp2c6b4c36":{"name":"Mostrar una imagen personalizada cuando se detiene un disco"},"cpgetparent":{"name":"Panel de preferencias “Control parental”","searchName":"Panel de preferencias “Controles parental” de Reproductor de DVD"},"cp298cc6ec17":{"name":"Panel de preferencias “Visto anteriormente”","searchName":"Panel de preferencias “Visto anteriormente” de Reproductor de DVD"},"dvdp34657":{"name":"Ayuda de Reproductor de DVD","href":"dvdp34657.html","categories":["landing"]},"dvdp27aac27d":{"name":"Configurar las preferencias de los subtítulos, el idioma y los subtítulos opcionales"},"dvdp75b83f20":{"name":"Activar los controles parentales y autorizar discos","searchName":"Activar los controles parentales y autorizar discos en el Reproductor de DVD"},"dvdp2951112b":{"name":"Configurar un temporizador de reposo","searchName":"Configurar un temporizador de reposo en el Reproductor de DVD"},"dvdp0a5af3e2":{"name":"Reutilizar las preferencias de un disco"},"dvdp002":{"name":"Funciones rápidas y movimientos mediante el teclado","href":"dvdp002.html"},"dvdpe9c49f6c":{"name":"Obtener información del disco","searchName":"Obtener información del disco DVD"}},"copyright_text":"© 2016 Apple Inc. Todos los derechos reservados."}