{"css":"","framework":"duck-10.0.0","title":"Bantuan Pemain DVD","build_id":"57643ce70946220936c44569","icon":"..\/SharedGlobalArt\/AppIconDefault_DVD.png","sections":{"cp6696074bcc":{"name":"Ciri lanjutan","children":["dvdpe9c49f6c","dvdp75b83f20","dvdp2951112b"]},"cpd16c11c429":{"name":"Mainkan DVD","children":["dvdp1fe13dc6","dvdpc544c7bd","cpdv1503"]},"cpe628a4eff3":{"name":"Menyesuaikan main balik","children":["dvdp7a064d1e","dvdp80843490","dvdpb345d91c"]},"cp19099363fc":{"name":"Setkan keutamaan Pemain DVD","children":["dvdp27aac27d","dvdp0a2b41ad","dvdp0a5af3e2"]}},"birdseed_version":5,"toc":["dvdpe3f14407","cpd16c11c429","cpe628a4eff3","cp19099363fc","cp6696074bcc","dvdp002","dvdp7b6ba5fb"],"locale":"ms","version":"10.12","enable_tracking":false,"source_schema":"apd-schema","platform":"mac","build_date":"2016.06.17-11:23:26","landing":"dvdp34657","product":"dvdplayer","urls":{},"copyright":"","show_previous_next":false,"topics":{"cpdv1503":{"name":"Setkan rantau pemacu DVD anda"},"dvdpb345d91c":{"name":"Menyesuaikan output audio"},"cpprefhd":{"name":"Keutamaan Definisi Tinggi","searchName":"Keutamaan Definisi Tinggi dalam Pemain DVD"},"dvdpe3f14407":{"name":"Gambaran keseluruhan Pemain DVD"},"dvdp1fe13dc6":{"name":"Mainkan DVD atau fail filem DVD"},"cp07b793f71b":{"name":"Keutamaan Windows","searchName":"Keutamaan Windows dalam Pemain DVD"},"cpgetinfo":{"name":"Rujukan Maklumat Cakera","searchName":"Rujukan Maklumat Cakera DVD"},"cpprefsetup":{"name":"Keutamaan Persediaan Cakera","searchName":"Keutamaan Persediaan Cakera dalam Pemain DVD"},"cpc33eab4374":{"name":"Keutamaan Pemain","searchName":"Keutamaan Pemain dalam Pemain DVD"},"dvdp7b6ba5fb":{"name":"Penyelesaian masalah"},"dvdp7f7af460":{"name":"Akses laman web dari DVD","searchName":"Akses laman web dari DVD dalam Pemain DVD"},"dvdpc544c7bd":{"name":"Menggunakan bab dan penanda buku filem"},"dvdp80843490":{"name":"Tukar zum video, kualiti dan warna"},"dvdp7a064d1e":{"name":"Tukar saiz dan lokasi tetingkap filem"},"dvdp0a2b41ad":{"name":"Setkan keutamaan tetingkap filem"},"dvdp2c6b4c36":{"name":"Paparkan imej tersuai apabila cakera terhenti"},"cpgetparent":{"name":"Keutamaan Kawalan Ibu Bapa","searchName":"Keutamaan Kawalan Ibu Bapa dalam Pemain DVD"},"cp298cc6ec17":{"name":"Keutamaan Dilihat Sebelumnya","searchName":"Keutamaan Dilihat Sebelumnya dalam Pemain DVD"},"dvdp34657":{"name":"Bantuan Pemain DVD","href":"dvdp34657.html","categories":["landing"]},"dvdp27aac27d":{"name":"Setkan sari kata, bahasa, dan keutamaan kapsyen tertutup"},"dvdp75b83f20":{"name":"Aktifkan kawalan ibu bapa dan cakera yang diizinkan","searchName":"Aktifkan kawalan ibu bapa dan cakera yang disahkan dalam Pemain DVD"},"dvdp2951112b":{"name":"Setkan pemasa tidur","searchName":"Setkan pemasa tidur dalam Pemain DVD"},"dvdp0a5af3e2":{"name":"Guna semula keutamaan cakera"},"dvdp002":{"name":"Pintasan dan gerak isyarat papan kekunci","href":"dvdp002.html"},"dvdpe9c49f6c":{"name":"Dapatkan maklumat cakera","searchName":"Dapatkan maklumat cakera filem DVD"}},"copyright_text":"© 2016 Apple Inc. Hak cipta terpelihara."}