{"css":"","framework":"duck-10.0.0","title":"Pomocník pre DVD Player","build_id":"5748cabc680ce24c30716645","icon":"..\/SharedGlobalArt\/AppIconDefault_DVD.png","sections":{"cp6696074bcc":{"name":"Rozšírené funkcie","children":["dvdpe9c49f6c","dvdp75b83f20","dvdp2951112b"]},"cpd16c11c429":{"name":"Prehrávanie DVD","children":["dvdp1fe13dc6","dvdpc544c7bd","cpdv1503"]},"cpe628a4eff3":{"name":"Prispôsobenie prehrávania","children":["dvdp7a064d1e","dvdp80843490","dvdpb345d91c"]},"cp19099363fc":{"name":"Nastavenia aplikácie DVD Player","children":["dvdp27aac27d","dvdp0a2b41ad","dvdp0a5af3e2"]}},"birdseed_version":5,"toc":["dvdpe3f14407","cpd16c11c429","cpe628a4eff3","cp19099363fc","cp6696074bcc","dvdp002","dvdp7b6ba5fb"],"locale":"sk","version":"10.12","enable_tracking":false,"source_schema":"apd-schema","platform":"mac","build_date":"2016.05.27-15:51:44","landing":"dvdp34657","product":"dvdplayer","urls":{},"copyright":"","show_previous_next":false,"topics":{"cpdv1503":{"name":"Nastavenie regiónu DVD mechaniky"},"dvdpb345d91c":{"name":"Úprava audiovýstupu"},"cpprefhd":{"name":"Nastavenia vysokého rozlíšenia","searchName":"Nastavenia vysokého rozlíšenia v aplikácii DVD Player"},"dvdpe3f14407":{"name":"Prehľad aplikácie DVD Player"},"dvdp1fe13dc6":{"name":"Prehrávanie DVD alebo súborov DVD filmu"},"cp07b793f71b":{"name":"Nastavenia okien","searchName":"Nastavenia okien v aplikácii DVD Player"},"cpgetinfo":{"name":"Odkaz na informácie o disku","searchName":"Odkaz na informácie o DVD disku"},"cpprefsetup":{"name":"Nastavenia disku","searchName":"Nastavenie disku v aplikácii DVD Player"},"cpc33eab4374":{"name":"Nastavenia prehrávača","searchName":"Nastavenia prehrávača v aplikácii DVD Player"},"dvdp7b6ba5fb":{"name":"Riešenie problémov"},"dvdp7f7af460":{"name":"Prístup k webovým stránkam z DVD diskov","searchName":"Prístup k webovým stránkam z DVD diskov cez aplikáciu DVD Player"},"dvdpc544c7bd":{"name":"Používanie kapitol a záložiek filmov"},"dvdp80843490":{"name":"Zmena zväčšenia, kvality a farby videa"},"dvdp7a064d1e":{"name":"Zmena veľkosti a polohy okna"},"dvdp0a2b41ad":{"name":"Nastavenia okna s filmom"},"dvdp2c6b4c36":{"name":"Zobrazenie vlastného obrázka po zastavení disku"},"cpgetparent":{"name":"Nastavenia rodičovskej ochrany","searchName":"Nastavenia rodičovskej ochrany v aplikácii DVD Player"},"cp298cc6ec17":{"name":"Nastavenia Naposledy prezerané","searchName":"Nastavenia Naposledy prezerané v aplikácii DVD Player"},"dvdp34657":{"name":"Pomocník pre DVD Player","href":"dvdp34657.html","categories":["landing"]},"dvdp27aac27d":{"name":"Nastavenia tituliek, jazyka a skrytých tituliek"},"dvdp75b83f20":{"name":"Zapnutie rodičovskej ochrany a autorizácia diskov","searchName":"Zapnutie rodičovskej ochrany a autorizácia diskov v aplikácii DVD Player"},"dvdp2951112b":{"name":"Nastavenie časovača","searchName":"Nastavenie časovača prehrávania v aplikácii DVD Player"},"dvdp0a5af3e2":{"name":"Opätovné použitie nastavení disku"},"dvdp002":{"name":"Klávesové skratky a gestá","href":"dvdp002.html"},"dvdpe9c49f6c":{"name":"Zobrazenie informácií o disku","searchName":"Zobrazenie informácií o filme na DVD"}},"copyright_text":"© 2016 Apple Inc. Všetky práva vyhradené."}