{"css":"","framework":"duck-10.0.0","title":"مساعدة DVD Player","build_id":"5748cae3680ce24c30716710","icon":"..\/SharedGlobalArt\/AppIconDefault_DVD.png","sections":{"cp6696074bcc":{"name":"الميزات المتقدمة","children":["dvdpe9c49f6c","dvdp75b83f20","dvdp2951112b"]},"cpd16c11c429":{"name":"تشغيل أقراص DVD","children":["dvdp1fe13dc6","dvdpc544c7bd","cpdv1503"]},"cpe628a4eff3":{"name":"تخصيص إعادة التشغيل","children":["dvdp7a064d1e","dvdp80843490","dvdpb345d91c"]},"cp19099363fc":{"name":"تعيين تفضيلات DVD Player","children":["dvdp27aac27d","dvdp0a2b41ad","dvdp0a5af3e2"]}},"birdseed_version":5,"toc":["dvdpe3f14407","cpd16c11c429","cpe628a4eff3","cp19099363fc","cp6696074bcc","dvdp002","dvdp7b6ba5fb"],"locale":"ar","version":"10.12","enable_tracking":false,"source_schema":"apd-schema","platform":"mac","build_date":"2016.05.27-15:47:19","landing":"dvdp34657","product":"dvdplayer","urls":{},"copyright":"","show_previous_next":false,"topics":{"cpdv1503":{"name":"تعيين منطقة محرك أقراص DVD"},"dvdpb345d91c":{"name":"تخصيص إخراج الصوت"},"cpprefhd":{"name":"تفضيلات الدقة العالية","searchName":"تفضيلات High Definition في DVD Player"},"dvdpe3f14407":{"name":"عرض عام لـ DVD Player"},"dvdp1fe13dc6":{"name":"تشغيل قرص DVD أو ملف فيلم DVD"},"cp07b793f71b":{"name":"تفضيلات Windows","searchName":"تفضيلات Windows في DVD Player"},"cpgetinfo":{"name":"مرجع معلومات القرص","searchName":"مرجع معلومات القرص"},"cpprefsetup":{"name":"تفضيلات إعداد القرص","searchName":"تفضيلات Disc Setup في DVD Player"},"cpc33eab4374":{"name":"تفضيلات Player","searchName":"تفضيلات Player في DVD Player"},"dvdp7b6ba5fb":{"name":"استكشاف الأخطاء وإصلاحها"},"dvdp7f7af460":{"name":"الوصول إلى مواقع ويب من أقراص DVD","searchName":"الوصول إلى مواقع ويب من أقراص DVD في DVD Player"},"dvdpc544c7bd":{"name":"استخدام فصول الفيلم والإشارات المرجعية"},"dvdp80843490":{"name":"تغيير خيارات تكبير\/تصغير الفيديو، جودته، ولونه"},"dvdp7a064d1e":{"name":"تغيير حجم نافذة الفيلم وموقعها"},"dvdp0a2b41ad":{"name":"تعيين تفضيلات نافذة الفيلم"},"dvdp2c6b4c36":{"name":"عرض صورة مخصصة عند توقف القرص"},"cpgetparent":{"name":"تفضيلات الإشراف العائلي","searchName":"تفضيلات Parental Control في DVD Player"},"cp298cc6ec17":{"name":"تفضيلات Previously Viewed","searchName":"تفضيلات Previously Viewed في DVD Player"},"dvdp34657":{"name":"مساعدة DVD Player","href":"dvdp34657.html","categories":["landing"]},"dvdp27aac27d":{"name":"تعيين تفضيلات عناوين النص، اللغة، والشرح المكتوب"},"dvdp75b83f20":{"name":"تشغيل الإشراف العائلي وتخويل الأقراص","searchName":"تشغيل الإشراف العائلي وتخويل الأقراص في DVD Player"},"dvdp2951112b":{"name":"ضبط موقت إسبات","searchName":"ضبط موقت إسبات في DVD Player"},"dvdp0a5af3e2":{"name":"إعادة استخدام تفضيلات القرص"},"dvdp002":{"name":"اختصارات لوحة المفاتيح والإيماءات","href":"dvdp002.html"},"dvdpe9c49f6c":{"name":"الحصول على معلومات القرص","searchName":"إحضار معلومات قرص فيلم DVD"}},"copyright_text":"‏© 2016 Apple Inc. كافة الحقوق محفوظة."}