{"css":"","framework":"duck-10.0.0","title":"Bantuan Pemutar DVD","build_id":"5748cadc680ce24c307166ed","icon":"..\/SharedGlobalArt\/AppIconDefault_DVD.png","sections":{"cp6696074bcc":{"name":"Fitur lanjutan","children":["dvdpe9c49f6c","dvdp75b83f20","dvdp2951112b"]},"cpd16c11c429":{"name":"Memutar DVD","children":["dvdp1fe13dc6","dvdpc544c7bd","cpdv1503"]},"cpe628a4eff3":{"name":"Menyesuaikan pemutaran","children":["dvdp7a064d1e","dvdp80843490","dvdpb345d91c"]},"cp19099363fc":{"name":"Mengatur preferensi Pemutar DVD","children":["dvdp27aac27d","dvdp0a2b41ad","dvdp0a5af3e2"]}},"birdseed_version":5,"toc":["dvdpe3f14407","cpd16c11c429","cpe628a4eff3","cp19099363fc","cp6696074bcc","dvdp002","dvdp7b6ba5fb"],"locale":"id","version":"10.12","enable_tracking":false,"source_schema":"apd-schema","platform":"mac","build_date":"2016.05.27-15:47:22","landing":"dvdp34657","product":"dvdplayer","urls":{},"copyright":"","show_previous_next":false,"topics":{"cpdv1503":{"name":"Mengatur wilayah drive DVD Anda"},"dvdpb345d91c":{"name":"Menyesuaikan output audio"},"cpprefhd":{"name":"Preferensi Definisi Tinggi","searchName":"Preferensi Definisi Tinggi di Pemutar DVD"},"dvdpe3f14407":{"name":"Tinjauan Pemutar DVD"},"dvdp1fe13dc6":{"name":"Memutar DVD atau file film DVD"},"cp07b793f71b":{"name":"Preferensi Windows","searchName":"Preferensi jendela di Pemutar DVD"},"cpgetinfo":{"name":"Referensi Info Disk","searchName":"Referensi Info Disk DVD"},"cpprefsetup":{"name":"Preferensi Pengaturan Disk","searchName":"Preferensi Pengaturan Disk di Pemutar DVD"},"cpc33eab4374":{"name":"Preferensi pemutar","searchName":"Preferensi pemutar di Pemutar DVD"},"dvdp7b6ba5fb":{"name":"Penyelesaian masalah"},"dvdp7f7af460":{"name":"Mengakses situs web dari DVD","searchName":"Akses situs web dari DVD di Pemutar DVD"},"dvdpc544c7bd":{"name":"Menggunakan bagian dan penanda film"},"dvdp80843490":{"name":"Mengubah zoom, kualitas, dan warna video"},"dvdp7a064d1e":{"name":"Mengubah ukuran dan lokasi jendela film"},"dvdp0a2b41ad":{"name":"Mengatur preferensi jendela film"},"dvdp2c6b4c36":{"name":"Menampilkan gambar khusus saat disk berhenti"},"cpgetparent":{"name":"Preferensi Pengawasan Orang Tua","searchName":"Preferensi Pengawasan Orang Tua di Pemutar DVD"},"cp298cc6ec17":{"name":"Preferensi Dilihat Sebelumnya","searchName":"Preferensi Dilihat Sebelumnya di Pemutar DVD"},"dvdp34657":{"name":"Bantuan Pemutar DVD","href":"dvdp34657.html","categories":["landing"]},"dvdp27aac27d":{"name":"Mengatur subtitle, bahasa, dan preferensi teks tertulis"},"dvdp75b83f20":{"name":"Menyalakan pengawasan orang tua dan mengesahkan disk","searchName":"Nyalakan pengawasan orang tua dan sahkan disk di Pemutar DVD"},"dvdp2951112b":{"name":"Mengatur timer tidur","searchName":"Gunakan timer tidur di Pemutar DVD"},"dvdp0a5af3e2":{"name":"Menggunakan kembali preferensi disk"},"dvdp002":{"name":"Pintasan papan ketik dan gerakan","href":"dvdp002.html"},"dvdpe9c49f6c":{"name":"Mendapatkan info disk","searchName":"Dapatkan info disk film DVD"}},"copyright_text":"© 2016 Apple Inc. Semua hak cipta dilindungi undang-undang."}