{"css":"","framework":"duck-10.0.0","title":"DVD 播放程式輔助說明","build_id":"5748cac8680ce24c30716684","icon":"..\/SharedGlobalArt\/AppIconDefault_DVD.png","sections":{"cp6696074bcc":{"name":"進階功能","children":["dvdpe9c49f6c","dvdp75b83f20","dvdp2951112b"]},"cpd16c11c429":{"name":"播放 DVD","children":["dvdp1fe13dc6","dvdpc544c7bd","cpdv1503"]},"cpe628a4eff3":{"name":"自定播放","children":["dvdp7a064d1e","dvdp80843490","dvdpb345d91c"]},"cp19099363fc":{"name":"設定 DVD 播放程式的偏好設定","children":["dvdp27aac27d","dvdp0a2b41ad","dvdp0a5af3e2"]}},"birdseed_version":5,"toc":["dvdpe3f14407","cpd16c11c429","cpe628a4eff3","cp19099363fc","cp6696074bcc","dvdp002","dvdp7b6ba5fb"],"locale":"zh-tw","version":"10.12","enable_tracking":false,"source_schema":"apd-schema","platform":"mac","build_date":"2016.05.27-15:58:13","landing":"dvdp34657","product":"dvdplayer","urls":{},"copyright":"","show_previous_next":false,"topics":{"cpdv1503":{"name":"設定 DVD 光碟機區域","searchName":"在「DVD 播放程式」中設定 DVD 光碟機區域"},"dvdpb345d91c":{"name":"自定音訊輸出","searchName":"在「DVD 播放程式」中自定音訊輸出"},"cpprefhd":{"name":"高畫質偏好設定","searchName":"「DVD 播放程式」中的「高畫質」偏好設定"},"dvdpe3f14407":{"name":"DVD 播放程式概覽"},"dvdp1fe13dc6":{"name":"播放 DVD 或 DVD 影片檔案","searchName":"在「DVD 播放程式」中播放 DVD 或 DVD 影片檔案"},"cp07b793f71b":{"name":"視窗偏好設定","searchName":"「DVD 播放程式」中的「視窗」偏好設定"},"cpgetinfo":{"name":"光碟簡介參考","searchName":"DVD 光碟簡介參考"},"cpprefsetup":{"name":"光碟設定偏好設定","searchName":"「DVD 播放程式」中的「光碟設定」偏好設定"},"cpc33eab4374":{"name":"播放程式偏好設定","searchName":"「DVD 播放程式」中的「播放程式」偏好設定"},"dvdp7b6ba5fb":{"name":"疑難解答"},"dvdp7f7af460":{"name":"從 DVD 連接網站","searchName":"在「DVD 播放程式」中從 DVD 連接網站"},"dvdpc544c7bd":{"name":"使用影片章節和書籤","searchName":"在「DVD 播放程式」中使用影片章節和書籤"},"dvdp80843490":{"name":"更改影片縮放、品質和色彩","searchName":"在「「DVD 播放程式」中更改影片縮放、品質和色彩"},"dvdp7a064d1e":{"name":"更改影片視窗大小和位置","searchName":"在「DVD 播放程式」中更改影片視窗大小和位置"},"dvdp0a2b41ad":{"name":"設定影片視窗偏好設定","searchName":"在「DVD 播放程式」中設定影片視窗偏好設定"},"dvdp2c6b4c36":{"name":"光碟停止時顯示自定影像"},"cpgetparent":{"name":"分級保護控制偏好設定","searchName":"「DVD 播放程式」中的「分級保護控制」偏好設定"},"cp298cc6ec17":{"name":"「之前檢視過的光碟」偏好設定","searchName":"「DVD 播放程式」中的「之前檢視過的光碟」偏好設定"},"dvdp34657":{"name":"DVD 播放程式輔助說明","href":"dvdp34657.html","categories":["landing"]},"dvdp27aac27d":{"name":"設定字幕、語言和隱藏式字幕偏好設定","searchName":"在「DVD 播放程式」中設定字幕、語言和隱藏式字幕偏好設定"},"dvdp75b83f20":{"name":"開啟分級保護控制並授權光碟","searchName":"開啟分級保護控制並授權「DVD 播放程式」中的光碟"},"dvdp2951112b":{"name":"設定睡眠計時器","searchName":"在「DVD 播放程式」中設定睡眠計時器"},"dvdp0a5af3e2":{"name":"重複使用光碟的偏好設定","searchName":"「DVD 播放程式」中重複使用光碟的偏好設定"},"dvdp002":{"name":"鍵盤快速鍵和手勢","href":"dvdp002.html"},"dvdpe9c49f6c":{"name":"取得光碟簡介","searchName":"取得 DVD 影片光碟簡介"}},"copyright_text":"© 2016 Apple Inc.All rights reserved."}