{"css":"","framework":"duck-10.0.0","title":"Ajuda Reprodutor de DVD","build_id":"5748cae1680ce24c30716702","icon":"..\/SharedGlobalArt\/AppIconDefault_DVD.png","sections":{"cp6696074bcc":{"name":"Recursos avançados","children":["dvdpe9c49f6c","dvdp75b83f20","dvdp2951112b"]},"cpd16c11c429":{"name":"Reproduza DVDs","children":["dvdp1fe13dc6","dvdpc544c7bd","cpdv1503"]},"cpe628a4eff3":{"name":"Personalize a reprodução","children":["dvdp7a064d1e","dvdp80843490","dvdpb345d91c"]},"cp19099363fc":{"name":"Como definir as preferências do Reprodutor de DVD","children":["dvdp27aac27d","dvdp0a2b41ad","dvdp0a5af3e2"]}},"birdseed_version":5,"toc":["dvdpe3f14407","cpd16c11c429","cpe628a4eff3","cp19099363fc","cp6696074bcc","dvdp002","dvdp7b6ba5fb"],"locale":"pt-br","version":"10.12","enable_tracking":false,"source_schema":"apd-schema","platform":"mac","build_date":"2016.05.27-15:51:42","landing":"dvdp34657","product":"dvdplayer","urls":{},"copyright":"","show_previous_next":false,"topics":{"cpdv1503":{"name":"Definia a região da sua unidade de DVD"},"dvdpb345d91c":{"name":"Personalize a saída de áudio"},"cpprefhd":{"name":"Preferências Alta Definição","searchName":"Preferências de Alta Definição no Reprodutor de DVD"},"dvdpe3f14407":{"name":"Visão geral do Reprodutor de DVD"},"dvdp1fe13dc6":{"name":"Reproduza um DVD ou um arquivo de filme DVD"},"cp07b793f71b":{"name":"Preferências de Janelas","searchName":"Preferências de Janelas no Reprodutor de DVD"},"cpgetinfo":{"name":"Referência sobre Informações do Disco","searchName":"Referência sobre Informações do Disco DVD"},"cpprefsetup":{"name":"Preferências de Configuração do Disco","searchName":"Preferências de Configuração do Disco no Reprodutor de DVD"},"cpc33eab4374":{"name":"Preferências do Reprodutor","searchName":"Preferências do Reprodutor no Reprodutor de DVD"},"dvdp7b6ba5fb":{"name":"Solução de problemas"},"dvdp7f7af460":{"name":"Como acessar sites a partir de DVDs","searchName":"Acesse sites a partir de DVDs no Reprodutor de DVD"},"dvdpc544c7bd":{"name":"Use capítulos e favoritos em filmes"},"dvdp80843490":{"name":"Altere o zoom, a qualidade e a cor do vídeo"},"dvdp7a064d1e":{"name":"Altere o tamanho e a posição da janela do filme"},"dvdp0a2b41ad":{"name":"Defina as preferências da janela do filme"},"dvdp2c6b4c36":{"name":"Exibir uma imagem personalizada quando um disco para"},"cpgetparent":{"name":"Preferências de Controle Parental","searchName":"Preferências de Controles Parentais no Reprodutor de DVD"},"cp298cc6ec17":{"name":"Preferências de Visualizado Anteriormente","searchName":"Preferências de Visualizado Anteriormente no Reprodutor de DVD"},"dvdp34657":{"name":"Ajuda Reprodutor de DVD","href":"dvdp34657.html","categories":["landing"]},"dvdp27aac27d":{"name":"Defina as preferências de legendas e idioma"},"dvdp75b83f20":{"name":"Ative os controles parentais e autorize discos","searchName":"Ative os controles parentais e autorize discos no Reprodutor de DVD"},"dvdp2951112b":{"name":"Configure um temporizador de repouso","searchName":"Configure um temporizador de repouso no Reprodutor de DVD"},"dvdp0a5af3e2":{"name":"Reutilize as preferências de um disco"},"dvdp002":{"name":"Atalhos de teclado e gestos","href":"dvdp002.html"},"dvdpe9c49f6c":{"name":"Como obter informações sobre o disco","searchName":"Obtenha informações sobre o disco de filme DVD"}},"copyright_text":"© 2016 Apple Inc. Todos os direitos reservados."}