{"css":"","framework":"duck-10.0.0","title":"Pomoć za DVD uređaj","build_id":"5748cab8680ce24c30716630","icon":"..\/SharedGlobalArt\/AppIconDefault_DVD.png","sections":{"cp6696074bcc":{"name":"Napredne značajke","children":["dvdpe9c49f6c","dvdp75b83f20","dvdp2951112b"]},"cpd16c11c429":{"name":"Reprodukcija DVD-a","children":["dvdp1fe13dc6","dvdpc544c7bd","cpdv1503"]},"cpe628a4eff3":{"name":"Prilagođavanje reprodukcije","children":["dvdp7a064d1e","dvdp80843490","dvdpb345d91c"]},"cp19099363fc":{"name":"Podešavanje postavki DVD uređaja","children":["dvdp27aac27d","dvdp0a2b41ad","dvdp0a5af3e2"]}},"birdseed_version":5,"toc":["dvdpe3f14407","cpd16c11c429","cpe628a4eff3","cp19099363fc","cp6696074bcc","dvdp002","dvdp7b6ba5fb"],"locale":"hr","version":"10.12","enable_tracking":false,"source_schema":"apd-schema","platform":"mac","build_date":"2016.05.27-15:51:42","landing":"dvdp34657","product":"dvdplayer","urls":{},"copyright":"","show_previous_next":false,"topics":{"cpdv1503":{"name":"Podešavanje regije DVD pogona"},"dvdpb345d91c":{"name":"Prilagođavanje izlaza zvuka"},"cpprefhd":{"name":"High definition postavke","searchName":"Postavke High definition u DVD uređaju"},"dvdpe3f14407":{"name":"Pregled DVD uređaja"},"dvdp1fe13dc6":{"name":"Reprodukcija DVD-a ili DVD filmske datoteke"},"cp07b793f71b":{"name":"Postavke Prozori","searchName":"Postavke Prozori u DVD uređaju"},"cpgetinfo":{"name":"Referentne informacije o disku","searchName":"Referentne informacije o DVD disku"},"cpprefsetup":{"name":"Postavke Podešavanje diska","searchName":"Postavke Podešavanje diska u DVD uređaju"},"cpc33eab4374":{"name":"Postavke Uređaj","searchName":"Postavke Uređaj u DVD uređaju"},"dvdp7b6ba5fb":{"name":"U slučaju problema"},"dvdp7f7af460":{"name":"Pristup internetskim stranicama s DVD diskova","searchName":"Pristup internetskim stranicama s DVD diskova u DVD uređaju"},"dvdpc544c7bd":{"name":"Uporaba poglavlja i knjižnih oznaka filma"},"dvdp80843490":{"name":"Promjena zumiranja, kvalitete i boja videozapisa"},"dvdp7a064d1e":{"name":"Promjena veličine i lokacije prozora filma"},"dvdp0a2b41ad":{"name":"Podešavanje postavki prozora filma"},"dvdp2c6b4c36":{"name":"Prikaz prilagođene slike pri zaustavljanju reprodukcije diska"},"cpgetparent":{"name":"Postavke Roditeljske kontrole","searchName":"Postavke Roditeljske kontrole u DVD uređaju"},"cp298cc6ec17":{"name":"Postavke Prethodno gledano","searchName":"Postavke Prethodno gledano u DVD uređaju"},"dvdp34657":{"name":"Pomoć za DVD uređaj","href":"dvdp34657.html","categories":["landing"]},"dvdp27aac27d":{"name":"Podešavanje postavki za titlove, jezik i proširene titlove"},"dvdp75b83f20":{"name":"Uključivanje roditeljskih kontrola i autoriziranje diskova","searchName":"Uključivanje roditeljskih kontrola i autoriziranje diskova u DVD uređaju"},"dvdp2951112b":{"name":"Podešavanje brojača do isključenja","searchName":"Podešavanje brojača do isključenja u DVD uređaju"},"dvdp0a5af3e2":{"name":"Ponovna uporaba postavki diska"},"dvdp002":{"name":"Prečaci tipkovnice i geste","href":"dvdp002.html"},"dvdpe9c49f6c":{"name":"Učitavanje informacija o disku","searchName":"Učitavanje informacija o DVD disku s filmom"}},"copyright_text":"© 2016 Apple Inc. Sva prava pridržana."}