{"css":"","framework":"duck-10.0.0","title":"Nápověda pro DVD přehrávač","build_id":"5748caca680ce24c3071668b","icon":"..\/SharedGlobalArt\/AppIconDefault_DVD.png","sections":{"cp6696074bcc":{"name":"Pokročilé funkce","children":["dvdpe9c49f6c","dvdp75b83f20","dvdp2951112b"]},"cpd16c11c429":{"name":"Přehrávání DVD","children":["dvdp1fe13dc6","dvdpc544c7bd","cpdv1503"]},"cpe628a4eff3":{"name":"Přizpůsobení přehrávání","children":["dvdp7a064d1e","dvdp80843490","dvdpb345d91c"]},"cp19099363fc":{"name":"Nastavení předvoleb DVD přehrávače","children":["dvdp27aac27d","dvdp0a2b41ad","dvdp0a5af3e2"]}},"birdseed_version":5,"toc":["dvdpe3f14407","cpd16c11c429","cpe628a4eff3","cp19099363fc","cp6696074bcc","dvdp002","dvdp7b6ba5fb"],"locale":"cs","version":"10.12","enable_tracking":false,"source_schema":"apd-schema","platform":"mac","build_date":"2016.05.27-15:51:41","landing":"dvdp34657","product":"dvdplayer","urls":{},"copyright":"","show_previous_next":false,"topics":{"cpdv1503":{"name":"Nastavení regionu DVD jednotky"},"dvdpb345d91c":{"name":"Přizpůsobení zvukového výstupu"},"cpprefhd":{"name":"Předvolby vysokého rozlišení","searchName":"Předvolby vysokého rozlišení v DVD přehrávači"},"dvdpe3f14407":{"name":"Přehled DVD přehrávače"},"dvdp1fe13dc6":{"name":"Přehrání DVD nebo filmového DVD souboru"},"cp07b793f71b":{"name":"Předvolby oken","searchName":"Předvolby oken v DVD přehrávači"},"cpgetinfo":{"name":"Referenční přehled informací o disku","searchName":"Referenční přehled informací o DVD disku"},"cpprefsetup":{"name":"Předvolby nastavení disku","searchName":"Předvolby nastavení disku v DVD přehrávači"},"cpc33eab4374":{"name":"Předvolby přehrávače","searchName":"Předvolby přehrávání v DVD přehrávači"},"dvdp7b6ba5fb":{"name":"Řešení problémů"},"dvdp7f7af460":{"name":"Přístup k webovým stránkám z DVD","searchName":"Přístup k webovým stránkám z DVD v DVD přehrávači"},"dvdpc544c7bd":{"name":"Použití kapitol filmu a záložek"},"dvdp80843490":{"name":"Změna měřítka, kvality a barev videa"},"dvdp7a064d1e":{"name":"Změna velikosti a umístění okna filmu"},"dvdp0a2b41ad":{"name":"Nastavení předvoleb pro okno filmu"},"dvdp2c6b4c36":{"name":"Zobrazení vlastního obrázku při zastavení disku"},"cpgetparent":{"name":"Předvolby rodičovského dohledu","searchName":"Předvolby rodičovského dohledu v DVD přehrávači"},"cp298cc6ec17":{"name":"Předvolby dříve přehraných položek","searchName":"Předvolby dříve přehraných položek v DVD přehrávači"},"dvdp34657":{"name":"Nápověda pro DVD přehrávač","href":"dvdp34657.html","categories":["landing"]},"dvdp27aac27d":{"name":"Nastavení předvoleb pro titulky, jazyk a skryté titulky"},"dvdp75b83f20":{"name":"Zapnutí rodičovského dohledu a autorizace disků","searchName":"Zapnutí rodičovského dohledu a autorizace disků v DVD přehrávači"},"dvdp2951112b":{"name":"Nastavení časovače uspání","searchName":"Použití časovače uspání v DVD přehrávači"},"dvdp0a5af3e2":{"name":"Opakované použití předvoleb disku"},"dvdp002":{"name":"Klávesové zkratky a gesta","href":"dvdp002.html"},"dvdpe9c49f6c":{"name":"Načtení informací o disku","searchName":"Načtení informací o filmovém DVD"}},"copyright_text":"© 2016 Apple Inc. Všechna práva vyhrazena."}