{"css":"","framework":"duck-10.0.0","title":"Pomoc Odtwarzacza DVD","build_id":"5748cad4680ce24c307166c3","icon":"..\/SharedGlobalArt\/AppIconDefault_DVD.png","sections":{"cp6696074bcc":{"name":"Funkcje zaawansowane","children":["dvdpe9c49f6c","dvdp75b83f20","dvdp2951112b"]},"cpd16c11c429":{"name":"Odtwarzanie płyt DVD","children":["dvdp1fe13dc6","dvdpc544c7bd","cpdv1503"]},"cpe628a4eff3":{"name":"Dostosowywanie odtwarzania","children":["dvdp7a064d1e","dvdp80843490","dvdpb345d91c"]},"cp19099363fc":{"name":"Ustalanie preferencji Odtwarzacza DVD","children":["dvdp27aac27d","dvdp0a2b41ad","dvdp0a5af3e2"]}},"birdseed_version":5,"toc":["dvdpe3f14407","cpd16c11c429","cpe628a4eff3","cp19099363fc","cp6696074bcc","dvdp002","dvdp7b6ba5fb"],"locale":"pl","version":"10.12","enable_tracking":false,"source_schema":"apd-schema","platform":"mac","build_date":"2016.05.27-15:48:58","landing":"dvdp34657","product":"dvdplayer","urls":{},"copyright":"","show_previous_next":false,"topics":{"cpdv1503":{"name":"Ustawianie regionu dla napędu DVD"},"dvdpb345d91c":{"name":"Dostosowywanie wyjścia dźwięku"},"cpprefhd":{"name":"Preferencje High Definition","searchName":"Preferencje High Definition w Odtwarzaczu DVD"},"dvdpe3f14407":{"name":"Odtwarzacz DVD — omówienie"},"dvdp1fe13dc6":{"name":"Odtwarzanie płyt DVD i plików filmów w formacie DVD"},"cp07b793f71b":{"name":"Preferencje okien","searchName":"Preferencje okien w Odtwarzaczu DVD"},"cpgetinfo":{"name":"Legenda informacji o płycie","searchName":"Legenda informacji o płycie DVD"},"cpprefsetup":{"name":"Preferencje ustawień płyty","searchName":"Preferencje ustawień płyty w Odtwarzaczu DVD"},"cpc33eab4374":{"name":"Preferencje odtwarzacza","searchName":"Preferencje odtwarzacza w Odtwarzaczu DVD"},"dvdp7b6ba5fb":{"name":"Rozwiązywanie problemów"},"dvdp7f7af460":{"name":"Dostęp do witryn internetowych z DVD","searchName":"Dostęp do witryn internetowych z płyt DVD w Odtwarzaczu DVD"},"dvdpc544c7bd":{"name":"Korzystanie z rozdziałów i zakładek w filmach"},"dvdp80843490":{"name":"Zmiana powiększenia, jakości i koloru wideo"},"dvdp7a064d1e":{"name":"Zmiana wielkości i położenia okna filmu"},"dvdp0a2b41ad":{"name":"Ustalanie preferencji okna filmu"},"dvdp2c6b4c36":{"name":"Wyświetlanie własnego obrazka po zatrzymaniu filmu"},"cpgetparent":{"name":"Preferencje nadzoru rodzicielskiego","searchName":"Preferencje nadzoru rodzicielskiego w Odtwarzaczu DVD"},"cp298cc6ec17":{"name":"Preferencje ostatnio oglądanych","searchName":"Preferencje ostatnio oglądanych w Odtwarzaczu DVD"},"dvdp34657":{"name":"Pomoc Odtwarzacza DVD","href":"dvdp34657.html","categories":["landing"]},"dvdp27aac27d":{"name":"Ustawianie preferencji napisów i języka"},"dvdp75b83f20":{"name":"Włączanie nadzoru rodzicielskiego i autoryzowanie płyt","searchName":"Włączanie nadzoru rodzicielskiego i autoryzowanie płyt w programie Odtwarzacz DVD"},"dvdp2951112b":{"name":"Ustawianie zegara usypiania","searchName":"Ustawianie zegara usypiania w programie Odtwarzacz DVD"},"dvdp0a5af3e2":{"name":"Ponowne używanie preferencji płyty"},"dvdp002":{"name":"Skróty klawiszowe i gesty","href":"dvdp002.html"},"dvdpe9c49f6c":{"name":"Uzyskiwanie informacji o płycie","searchName":"Uzyskiwanie informacji o płycie DVD z filmem"}},"copyright_text":"© 2016 Apple Inc. Wszystkie prawa zastrzeżone."}