{"css":"","framework":"duck-10.0.0","title":"Ajuda do Leitor de DVD","build_id":"5748cadb680ce24c307166e6","icon":"..\/SharedGlobalArt\/AppIconDefault_DVD.png","sections":{"cp6696074bcc":{"name":"Funcionalidades avançadas","children":["dvdpe9c49f6c","dvdp75b83f20","dvdp2951112b"]},"cpd16c11c429":{"name":"Reproduzir discos DVD","children":["dvdp1fe13dc6","dvdpc544c7bd","cpdv1503"]},"cpe628a4eff3":{"name":"Personalizar a reprodução","children":["dvdp7a064d1e","dvdp80843490","dvdpb345d91c"]},"cp19099363fc":{"name":"Definir preferências do Leitor de DVD","children":["dvdp27aac27d","dvdp0a2b41ad","dvdp0a5af3e2"]}},"birdseed_version":5,"toc":["dvdpe3f14407","cpd16c11c429","cpe628a4eff3","cp19099363fc","cp6696074bcc","dvdp002","dvdp7b6ba5fb"],"locale":"pt-pt","version":"10.12","enable_tracking":false,"source_schema":"apd-schema","platform":"mac","build_date":"2016.05.27-15:51:08","landing":"dvdp34657","product":"dvdplayer","urls":{},"copyright":"","show_previous_next":false,"topics":{"cpdv1503":{"name":"Definir a região da unidade de DVD"},"dvdpb345d91c":{"name":"Personalizar a saída de áudio"},"cpprefhd":{"name":"Preferências de alta definição","searchName":"Preferências de alta definição no Leitor de DVD"},"dvdpe3f14407":{"name":"Visão geral do Leitor de DVD"},"dvdp1fe13dc6":{"name":"Reproduzir um DVD ou um ficheiro de filme DVD"},"cp07b793f71b":{"name":"Preferências de janelas","searchName":"Preferências de janelas no Leitor de DVD"},"cpgetinfo":{"name":"Referência a informação do disco","searchName":"Referência a informação do disco DVD"},"cpprefsetup":{"name":"Preferências de configuração do disco","searchName":"Preferências de configuração do disco no Leitor de DVD"},"cpc33eab4374":{"name":"Preferências do leitor","searchName":"Preferências do leitor no Leitor de DVD"},"dvdp7b6ba5fb":{"name":"Resolução de problemas"},"dvdp7f7af460":{"name":"Aceder a websites a partir de discos DVD","searchName":"Aceder a websites a partir de discos DVD no Leitor de DVD"},"dvdpc544c7bd":{"name":"Utilizar capítulos e marcadores de filme"},"dvdp80843490":{"name":"Alterar o zoom, a qualidade e a cor do vídeo"},"dvdp7a064d1e":{"name":"Alterar o tamanho e a localização da janela do filme"},"dvdp0a2b41ad":{"name":"Definir preferências da janela do filme"},"dvdp2c6b4c36":{"name":"Mostrar uma imagem personalizada quando a reprodução do disco é interrompida"},"cpgetparent":{"name":"Preferências de controlo parental","searchName":"Preferências de controlo parental no Leitor de DVD"},"cp298cc6ec17":{"name":"Preferências de conteúdo já visto","searchName":"Preferências de conteúdo já visto no Leitor de DVD"},"dvdp34657":{"name":"Ajuda do Leitor de DVD","href":"dvdp34657.html","categories":["landing"]},"dvdp27aac27d":{"name":"Definir preferências de legendagem, idioma e legendagem opcional"},"dvdp75b83f20":{"name":"Ativar o controlo parental e autorizar discos","searchName":"Ativar o controlo parental e autorizar discos no Leitor de DVD"},"dvdp2951112b":{"name":"Definir um temporizador de pausa","searchName":"Definir um temporizador de pausa no Leitor de DVD"},"dvdp0a5af3e2":{"name":"Reutilizar preferências de um disco"},"dvdp002":{"name":"Atalhos de teclado e gestos","href":"dvdp002.html"},"dvdpe9c49f6c":{"name":"Obter informação do disco","searchName":"Obter informação do disco do filme DVD"}},"copyright_text":"© 2016 Apple Inc. Todos os direitos reservados."}