{"css":"","framework":"duck-10.0.0","title":"DVD-spelare Hjälp","build_id":"5748cabd680ce24c3071664c","icon":"..\/SharedGlobalArt\/AppIconDefault_DVD.png","sections":{"cp6696074bcc":{"name":"Avancerade funktioner","children":["dvdpe9c49f6c","dvdp75b83f20","dvdp2951112b"]},"cpd16c11c429":{"name":"Spela upp DVD-skivor","children":["dvdp1fe13dc6","dvdpc544c7bd","cpdv1503"]},"cpe628a4eff3":{"name":"Anpassa uppspelning","children":["dvdp7a064d1e","dvdp80843490","dvdpb345d91c"]},"cp19099363fc":{"name":"Göra inställningar för DVD-spelare","children":["dvdp27aac27d","dvdp0a2b41ad","dvdp0a5af3e2"]}},"birdseed_version":5,"toc":["dvdpe3f14407","cpd16c11c429","cpe628a4eff3","cp19099363fc","cp6696074bcc","dvdp002","dvdp7b6ba5fb"],"locale":"sv","version":"10.12","enable_tracking":false,"source_schema":"apd-schema","platform":"mac","build_date":"2016.05.27-15:46:49","landing":"dvdp34657","product":"dvdplayer","urls":{},"copyright":"","show_previous_next":false,"topics":{"cpdv1503":{"name":"Ställa in regionkoden för din DVD-enhet"},"dvdpb345d91c":{"name":"Anpassa ljudutsignal"},"cpprefhd":{"name":"HD-inställningar","searchName":"HD-inställningar i DVD-spelare"},"dvdpe3f14407":{"name":"DVD-spelare i översikt"},"dvdp1fe13dc6":{"name":"Spela en DVD-skiva eller en DVD-filmfil"},"cp07b793f71b":{"name":"Fönster-inställningar","searchName":"Inställningspanelen Fönster i DVD-spelare"},"cpgetinfo":{"name":"Referens för Skivinformation","searchName":"Referens för DVD-skivinformation"},"cpprefsetup":{"name":"Inställningar i Skivinställning","searchName":"Inställningspanelen Skivinställning i DVD-spelare"},"cpc33eab4374":{"name":"Spelarinställningar","searchName":"Inställningspanelen Spelare i DVD-spelare"},"dvdp7b6ba5fb":{"name":"Felsökning"},"dvdp7f7af460":{"name":"Besöka webbplatser från DVD-skivor","searchName":"Besöka webbplatser från DVD-skivor i DVD-spelare"},"dvdpc544c7bd":{"name":"Använda filmkapitel och bokmärken"},"dvdp80843490":{"name":"Ändra videons zoom, kvalitet och färg"},"dvdp7a064d1e":{"name":"Ändra storlek och plats för filmfönstret"},"dvdp0a2b41ad":{"name":"Göra inställningar för filmfönster"},"dvdp2c6b4c36":{"name":"Visa en anpassad bild när en skiva stoppas"},"cpgetparent":{"name":"Inställningar i Föräldrakontroll","searchName":"Inställningspanelen Föräldrakontroll i DVD-spelare"},"cp298cc6ec17":{"name":"Inställningspanelen Tidigare visat","searchName":"Inställningspanelen Tidigare visat i DVD-spelare"},"dvdp34657":{"name":"DVD-spelare Hjälp","href":"dvdp34657.html","categories":["landing"]},"dvdp27aac27d":{"name":"Göra inställningar för undertexter, språk och dold textning"},"dvdp75b83f20":{"name":"Aktivera föräldrakontroll och auktorisera skivor","searchName":"Aktivera föräldrakontroll och auktorisera skivor i DVD-spelare"},"dvdp2951112b":{"name":"Ställa in en vilotimer","searchName":"Ställa in en vilotimer i DVD-spelare"},"dvdp0a5af3e2":{"name":"Återanvända inställningarna för en skiva"},"dvdp002":{"name":"Kortkommandon och gester","href":"dvdp002.html"},"dvdpe9c49f6c":{"name":"Hämta skivinfo","searchName":"Hämta info från DVD-filmskiva"}},"copyright_text":"© 2016 Apple Inc. Alla rättigheter förbehålls."}