{"css":"","framework":"duck-10.0.0","title":"Hjelp for DVD-spiller","build_id":"5748cace680ce24c307166a7","icon":"..\/SharedGlobalArt\/AppIconDefault_DVD.png","sections":{"cp6696074bcc":{"name":"Avanserte funksjoner","children":["dvdpe9c49f6c","dvdp75b83f20","dvdp2951112b"]},"cpd16c11c429":{"name":"Spill DVD-er","children":["dvdp1fe13dc6","dvdpc544c7bd","cpdv1503"]},"cpe628a4eff3":{"name":"Tilpass avspillingen","children":["dvdp7a064d1e","dvdp80843490","dvdpb345d91c"]},"cp19099363fc":{"name":"Tilpass valg for DVD-spiller","children":["dvdp27aac27d","dvdp0a2b41ad","dvdp0a5af3e2"]}},"birdseed_version":5,"toc":["dvdpe3f14407","cpd16c11c429","cpe628a4eff3","cp19099363fc","cp6696074bcc","dvdp002","dvdp7b6ba5fb"],"locale":"nb","version":"10.12","enable_tracking":false,"source_schema":"apd-schema","platform":"mac","build_date":"2016.05.27-15:56:01","landing":"dvdp34657","product":"dvdplayer","urls":{},"copyright":"","show_previous_next":false,"topics":{"cpdv1503":{"name":"Angi region for DVD-stasjonen"},"dvdpb345d91c":{"name":"Tilpass lyd ut"},"cpprefhd":{"name":"Høy oppløsning (HD)-valg","searchName":"Høy oppløsning (HD)-valg i DVD-spiller"},"dvdpe3f14407":{"name":"Oversikt over DVD-spiller"},"dvdp1fe13dc6":{"name":"Spill en DVD eller DVD-filmfil"},"cp07b793f71b":{"name":"Vinduer-valg","searchName":"Vinduer-valg i DVD-spiller"},"cpgetinfo":{"name":"Plateinfo-referanse","searchName":"DVD-plateinfo-referanse"},"cpprefsetup":{"name":"Plateoppsett-valg","searchName":"Plateoppsett-valg i DVD-spiller"},"cpc33eab4374":{"name":"Spiller-valg","searchName":"Spiller-valg i DVD-spiller"},"dvdp7b6ba5fb":{"name":"Løs problemer"},"dvdp7f7af460":{"name":"Bruk nettsteder fra DVD-er","searchName":"Se nettsteder fra DVD-er i DVD-spiller"},"dvdpc544c7bd":{"name":"Bruk filmkapitler og bokmerker"},"dvdp80843490":{"name":"Endre zoom, kvalitet og farge på video"},"dvdp7a064d1e":{"name":"Endre størrelse og plassering for filmvinduet"},"dvdp0a2b41ad":{"name":"Angi valg for filmvinduet"},"dvdp2c6b4c36":{"name":"Vis et bilde du har valgt selv, når en DVD stopper"},"cpgetparent":{"name":"Foreldrekontroll-valg","searchName":"Foreldrekontroll-valg i DVD-spiller"},"cp298cc6ec17":{"name":"Tidligere avspilt-valg","searchName":"Tidligere avspilt-valg i DVD-spiller"},"dvdp34657":{"name":"Hjelp for DVD-spiller","href":"dvdp34657.html","categories":["landing"]},"dvdp27aac27d":{"name":"Angi valg for undertekster, språk og skjult teksting"},"dvdp75b83f20":{"name":"Slå på foreldrekontroll og autoriser plater","searchName":"Slå på foreldrekontroll og autoriser plater i DVD-spiller"},"dvdp2951112b":{"name":"Angi dvaleinnstilling","searchName":"Angi dvaleinnstilling i DVD-spiller"},"dvdp0a5af3e2":{"name":"Bruk valgene for en plate om igjen"},"dvdp002":{"name":"Tastatursnarveier og bevegelser","href":"dvdp002.html"},"dvdpe9c49f6c":{"name":"Vis plateinfo","searchName":"Vis plateinfo for DVD"}},"copyright_text":"© 2016 Apple Inc. Alle rettigheter forbeholdes."}