{"css":"","framework":"duck-10.0.0","title":"DVD Oynatıcı Yardım","build_id":"5748cacd680ce24c307166a0","icon":"..\/SharedGlobalArt\/AppIconDefault_DVD.png","sections":{"cp6696074bcc":{"name":"İleri düzey özellikler","children":["dvdpe9c49f6c","dvdp75b83f20","dvdp2951112b"]},"cpd16c11c429":{"name":"DVD’leri oynatma","children":["dvdp1fe13dc6","dvdpc544c7bd","cpdv1503"]},"cpe628a4eff3":{"name":"Oynatımı özelleştirme","children":["dvdp7a064d1e","dvdp80843490","dvdpb345d91c"]},"cp19099363fc":{"name":"DVD Oynatıcı tercihlerini ayarlama","children":["dvdp27aac27d","dvdp0a2b41ad","dvdp0a5af3e2"]}},"birdseed_version":5,"toc":["dvdpe3f14407","cpd16c11c429","cpe628a4eff3","cp19099363fc","cp6696074bcc","dvdp002","dvdp7b6ba5fb"],"locale":"tr","version":"10.12","enable_tracking":false,"source_schema":"apd-schema","platform":"mac","build_date":"2016.05.27-15:47:19","landing":"dvdp34657","product":"dvdplayer","urls":{},"copyright":"","show_previous_next":false,"topics":{"cpdv1503":{"name":"DVD sürücü bölgenizi ayarlama"},"dvdpb345d91c":{"name":"Ses çıkışını özelleştirme"},"cpprefhd":{"name":"Yüksek Çözünürlük tercihleri","searchName":"DVD Oynatıcı’da Yüksek Çözünürlüklü tercihleri"},"dvdpe3f14407":{"name":"Genel DVD Oynatıcı bilgisi"},"dvdp1fe13dc6":{"name":"DVD’yi veya DVD film dosyasını oynatma"},"cp07b793f71b":{"name":"Pencereler tercihleri","searchName":"DVD Oynatıcı’da Pencereler tercihleri"},"cpgetinfo":{"name":"Disk Bilgisi referansı","searchName":"DVD’nin Disk Bilgisi referansı"},"cpprefsetup":{"name":"Disk Ayarı tercihleri","searchName":"DVD Oynatıcı’da Disk Ayarları tercihleri"},"cpc33eab4374":{"name":"Oynatıcı tercihleri","searchName":"DVD Oynatıcı’da Oynatıcı tercihleri"},"dvdp7b6ba5fb":{"name":"Sorun giderme"},"dvdp7f7af460":{"name":"DVD’lerden web sitelerine erişme","searchName":"DVD Oynatıcı’da DVD’lerden web sitelerine erişme"},"dvdpc544c7bd":{"name":"Film bölümlerini ve yer işaretlerini kullanma"},"dvdp80843490":{"name":"Video büyütmeyi, kaliteyi ve rengi değiştirme"},"dvdp7a064d1e":{"name":"Filmin pencere boyutunu ve konumunu değiştirme"},"dvdp0a2b41ad":{"name":"Film penceresi tercihlerini ayarlama"},"dvdp2c6b4c36":{"name":"Disk durdurulduğunda özel bir görüntü gösterme"},"cpgetparent":{"name":"Ebeveyn Denetimleri tercihleri","searchName":"DVD Oynatıcı’da Ebeveyn Denetimi tercihleri"},"cp298cc6ec17":{"name":"Önceden Görüntülenen tercihleri","searchName":"DVD Oynatıcı’da Önceden Görüntülenen tercihleri"},"dvdp34657":{"name":"DVD Oynatıcı Yardım","href":"dvdp34657.html","categories":["landing"]},"dvdp27aac27d":{"name":"Altyazı, dil ve gizli altyazı tercihlerini ayarlama"},"dvdp75b83f20":{"name":"Ebeveyn denetimlerini açma ve diskleri yetkilendirme","searchName":"DVD Oynatıcı’da ebeveyn denetimlerini açma ve diskleri yetkilendirme"},"dvdp2951112b":{"name":"Uyuma zamanlayıcısı ayarlama","searchName":"DVD Oynatıcı’da uyuma zamanlayıcısı ayarlama"},"dvdp0a5af3e2":{"name":"Diskin tercihlerini yeniden kullanma"},"dvdp002":{"name":"Klavye kestirmeleri ve hareketler","href":"dvdp002.html"},"dvdpe9c49f6c":{"name":"Disk bilgilerini alma","searchName":"DVD film diski bilgilerini alma"}},"copyright_text":"© 2016 Apple Inc. Tüm hakları saklıdır."}