{"css":"","framework":"duck-10.0.0","title":"Aiuto DVD Player","build_id":"5748cad0680ce24c307166b5","icon":"..\/SharedGlobalArt\/AppIconDefault_DVD.png","sections":{"cp6696074bcc":{"name":"Funzionalità avanzate","children":["dvdpe9c49f6c","dvdp75b83f20","dvdp2951112b"]},"cpd16c11c429":{"name":"Riprodurre i DVD","children":["dvdp1fe13dc6","dvdpc544c7bd","cpdv1503"]},"cpe628a4eff3":{"name":"Personalizzare la riproduzione","children":["dvdp7a064d1e","dvdp80843490","dvdpb345d91c"]},"cp19099363fc":{"name":"Impostare le preferenze di DVD Player","children":["dvdp27aac27d","dvdp0a2b41ad","dvdp0a5af3e2"]}},"birdseed_version":5,"toc":["dvdpe3f14407","cpd16c11c429","cpe628a4eff3","cp19099363fc","cp6696074bcc","dvdp002","dvdp7b6ba5fb"],"locale":"it","version":"10.12","enable_tracking":false,"source_schema":"apd-schema","platform":"mac","build_date":"2016.05.27-15:43:42","landing":"dvdp34657","product":"dvdplayer","urls":{},"copyright":"","show_previous_next":false,"topics":{"cpdv1503":{"name":"Impostare la regione dell'unità DVD"},"dvdpb345d91c":{"name":"Personalizzare l'uscita audio"},"cpprefhd":{"name":"Preferenze Alta definizione","searchName":"Preferenze “Alta definizione” in DVD Player"},"dvdpe3f14407":{"name":"Panoramica DVD Player"},"dvdp1fe13dc6":{"name":"Riprodurre un DVD o il file di un filmato DVD"},"cp07b793f71b":{"name":"Preferenze Windows","searchName":"Preferenze Windows in DVD Player"},"cpgetinfo":{"name":"Riferimento informazioni disco","searchName":"Riferimento informazioni disco"},"cpprefsetup":{"name":"Preferenze Impostazioni","searchName":"Preferenze Configurazione disco in DVD Player"},"cpc33eab4374":{"name":"Preferenze player","searchName":"Preferenze player in DVD Player"},"dvdp7b6ba5fb":{"name":"Risoluzione dei problemi"},"dvdp7f7af460":{"name":"Accedere a siti web da DVD","searchName":"Accedere a siti web da DVD in DVD Player"},"dvdpc544c7bd":{"name":"Utilizzare i capitoli e i segnalibri dei filmati"},"dvdp80843490":{"name":"Modificare lo zoom, la qualità e il colore del video"},"dvdp7a064d1e":{"name":"Modificare le dimensioni e la posizione della finestra del filmato"},"dvdp0a2b41ad":{"name":"Impostare le preferenze per la finestra del filmato"},"dvdp2c6b4c36":{"name":"Mostrare un'immagine personalizzata quando viene interrotto un disco"},"cpgetparent":{"name":"Preferenze Controlli parentali","searchName":"Preferenze “Controlli parentali” in DVD Player"},"cp298cc6ec17":{"name":"Preferenze “Visualizzati precedentemente”","searchName":"Preferenze “Visualizzati precedentemente” in DVD Player"},"dvdp34657":{"name":"Aiuto DVD Player","href":"dvdp34657.html","categories":["landing"]},"dvdp27aac27d":{"name":"Impostare le preferenze di sottotitoli, lingua e sottotitoli per non udenti (CC)"},"dvdp75b83f20":{"name":"Attivare i controlli parentali e autorizzare i dischi","searchName":"Attivare i controlli parentali e autorizzare i dischi in DVD Player"},"dvdp2951112b":{"name":"Impostare un timer per interrompere la riproduzione","searchName":"Impostare un timer per interrompere la riproduzione in DVD Player"},"dvdp0a5af3e2":{"name":"Riutilizzare le preferenze di un disco"},"dvdp002":{"name":"Abbreviazioni da tastiera e gesti","href":"dvdp002.html"},"dvdpe9c49f6c":{"name":"Ottenere informazioni sul disco","searchName":"Ottenere informazioni sul disco del film DVD"}},"copyright_text":"© 2016 Apple Inc. Tutti i diritti riservati."}