{"css":"","framework":"duck-10.0.0","title":"Aide Lecteur DVD","build_id":"5748cadf680ce24c307166fb","icon":"..\/SharedGlobalArt\/AppIconDefault_DVD.png","sections":{"cp6696074bcc":{"name":"Fonctionnalités avancées","children":["dvdpe9c49f6c","dvdp75b83f20","dvdp2951112b"]},"cpd16c11c429":{"name":"Lire des DVD","children":["dvdp1fe13dc6","dvdpc544c7bd","cpdv1503"]},"cpe628a4eff3":{"name":"Personnaliser la lecture","children":["dvdp7a064d1e","dvdp80843490","dvdpb345d91c"]},"cp19099363fc":{"name":"Définir les préférences de Lecteur DVD","children":["dvdp27aac27d","dvdp0a2b41ad","dvdp0a5af3e2"]}},"birdseed_version":5,"toc":["dvdpe3f14407","cpd16c11c429","cpe628a4eff3","cp19099363fc","cp6696074bcc","dvdp002","dvdp7b6ba5fb"],"locale":"fr","version":"10.12","enable_tracking":false,"source_schema":"apd-schema","platform":"mac","build_date":"2016.05.27-15:54:24","landing":"dvdp34657","product":"dvdplayer","urls":{},"copyright":"","show_previous_next":false,"topics":{"cpdv1503":{"name":"Définir la région de votre lecteur de DVD"},"dvdpb345d91c":{"name":"Personnaliser la sortie audio"},"cpprefhd":{"name":"Préférences Haute définition","searchName":"Préférences Haute définition dans Lecteur DVD"},"dvdpe3f14407":{"name":"Vue d’ensemble de Lecteur DVD"},"dvdp1fe13dc6":{"name":"Lire un DVD ou un fichier vidéo DVD"},"cp07b793f71b":{"name":"Préférences Fenêtres","searchName":"Préférences Fenêtres dans Lecteur DVD"},"cpgetinfo":{"name":"Référence d’Informations du disque","searchName":"Référence d’Informations du disque DVD"},"cpprefsetup":{"name":"Préférences de configuration du disque","searchName":"Préférences Configuration du disque dans Lecteur DVD"},"cpc33eab4374":{"name":"Préférences Lecteur","searchName":"Préférences Lecteur dans Lecteur DVD"},"dvdp7b6ba5fb":{"name":"Dépannage"},"dvdp7f7af460":{"name":"Accéder à des sites web depuis un DVD","searchName":"Accéder à des sites web depuis un DVD dans Lecteur DVD"},"dvdpc544c7bd":{"name":"Utiliser des chapitres de film et des signets"},"dvdp80843490":{"name":"Modifier le zoom, la qualité et la couleur de la vidéo"},"dvdp7a064d1e":{"name":"Modifier la taille et l’emplacement de la fenêtre du visualiseur"},"dvdp0a2b41ad":{"name":"Définir les préférences de fenêtre du visualiseur"},"dvdp2c6b4c36":{"name":"Afficher une image personnalisée lors de l’arrêt d’un disque"},"cpgetparent":{"name":"Préférences Contrôle parental","searchName":"Préférences Contrôle parental dans Lecteur DVD"},"cp298cc6ec17":{"name":"Préférences Déjà visionné","searchName":"Préférences Déjà visionné dans Lecteur DVD"},"dvdp34657":{"name":"Aide Lecteur DVD","href":"dvdp34657.html","categories":["landing"]},"dvdp27aac27d":{"name":"Définir les préférences relatives aux sous-titres, à la langue et au sous-titrage codé"},"dvdp75b83f20":{"name":"Activer le contrôle parental et autoriser des disques","searchName":"Activer le contrôle parental et autoriser des disques dans Lecteur DVD"},"dvdp2951112b":{"name":"Définir une minuterie","searchName":"Définir une minuterie dans Lecteur DVD"},"dvdp0a5af3e2":{"name":"Réutiliser les préférences d’un disque"},"dvdp002":{"name":"Raccourcis clavier et gestes","href":"dvdp002.html"},"dvdpe9c49f6c":{"name":"Informations sur le disque","searchName":"Informations sur le disque du fichier vidéo DVD"}},"copyright_text":"© 2016 Apple Inc. Tous droits réservés."}