{"css":"","framework":"duck-10.0.0","title":"DVD-soitin-ohje","build_id":"5748cad8680ce24c307166d8","icon":"..\/SharedGlobalArt\/AppIconDefault_DVD.png","sections":{"cp6696074bcc":{"name":"Lisäominaisuudet","children":["dvdpe9c49f6c","dvdp75b83f20","dvdp2951112b"]},"cpd16c11c429":{"name":"DVD-levyjen toistaminen","children":["dvdp1fe13dc6","dvdpc544c7bd","cpdv1503"]},"cpe628a4eff3":{"name":"Toiston muokkaaminen","children":["dvdp7a064d1e","dvdp80843490","dvdpb345d91c"]},"cp19099363fc":{"name":"DVD-soittimen asetusten määrittäminen","children":["dvdp27aac27d","dvdp0a2b41ad","dvdp0a5af3e2"]}},"birdseed_version":5,"toc":["dvdpe3f14407","cpd16c11c429","cpe628a4eff3","cp19099363fc","cp6696074bcc","dvdp002","dvdp7b6ba5fb"],"locale":"fi","version":"10.12","enable_tracking":false,"source_schema":"apd-schema","platform":"mac","build_date":"2016.05.27-15:44:29","landing":"dvdp34657","product":"dvdplayer","urls":{},"copyright":"","show_previous_next":false,"topics":{"cpdv1503":{"name":"DVD-aseman alueen määrittäminen"},"dvdpb345d91c":{"name":"Äänentoiston muokkaaminen"},"cpprefhd":{"name":"Teräväpiirto-asetukset","searchName":"DVD-soittimen Teräväpiirto-asetukset"},"dvdpe3f14407":{"name":"DVD-soittimen yleiskatsaus"},"dvdp1fe13dc6":{"name":"DVD-levyn tai DVD-elokuvatiedoston toistaminen"},"cp07b793f71b":{"name":"Ikkuna-asetukset","searchName":"DVD-soittimen Ikkuna-asetukset"},"cpgetinfo":{"name":"Levyn tiedot","searchName":"DVD-levyn tiedot"},"cpprefsetup":{"name":"Levyn asetukset","searchName":"DVD-soittimen Levy-asetukset"},"cpc33eab4374":{"name":"Soitin-asetukset","searchName":"DVD-soittimen Soitin-asetukset"},"dvdp7b6ba5fb":{"name":"Vianmääritys"},"dvdp7f7af460":{"name":"Verkkosivustolle siirtyminen DVD-levyltä","searchName":"Voit siirtyä verkkosivustoille DVD-levyltä"},"dvdpc544c7bd":{"name":"Elokuvan kappaleiden ja kirjanmerkkien käyttäminen"},"dvdp80843490":{"name":"Videon zoomauksen, laadun ja värin muuttaminen"},"dvdp7a064d1e":{"name":"Elokuvaikkunan koon ja sijainnin muuttaminen"},"dvdp0a2b41ad":{"name":"Elokuvaikkuna-asetusten määrittäminen"},"dvdp2c6b4c36":{"name":"Valitun kuvan näyttäminen, kun levyn toisto pysähtyy"},"cpgetparent":{"name":"Käyttörajoitusasetukset","searchName":"DVD-soittimen Käyttörajoitukset-asetukset"},"cp298cc6ec17":{"name":"Aiemmin katsotut -asetukset","searchName":"DVD-soittimen Aiemmin katsotut -asetukset"},"dvdp34657":{"name":"DVD-soitin-ohje","href":"dvdp34657.html","categories":["landing"]},"dvdp27aac27d":{"name":"Asetusten määrittäminen tekstitykselle, kielelle ja kuvailevalle tekstitykselle"},"dvdp75b83f20":{"name":"Käyttörajoitusten ottaminen käyttöön ja levyjen valtuuttaminen","searchName":"Käyttörajoitusten ottaminen käyttöön ja levyjen valtuuttaminen DVD-soittimessa"},"dvdp2951112b":{"name":"Nukkumisajastuksen asettaminen","searchName":"DVD-soittimen nukkumisajastuksen asettaminen"},"dvdp0a5af3e2":{"name":"Levyn asetusten käyttäminen uudelleen"},"dvdp002":{"name":"Näppäinoikotiet ja eleet","href":"dvdp002.html"},"dvdpe9c49f6c":{"name":"Levyn tietojen hakeminen","searchName":"DVD-elokuvalevyn tietojen hakeminen"}},"copyright_text":"© 2016 Apple Inc. Kaikki oikeudet pidätetään."}