{"css":"","framework":"duck-10.0.0","title":"Hjælp til Dvd-afspiller","build_id":"5748cac7680ce24c3071667d","icon":"..\/SharedGlobalArt\/AppIconDefault_DVD.png","sections":{"cp6696074bcc":{"name":"Avancerede funktioner","children":["dvdpe9c49f6c","dvdp75b83f20","dvdp2951112b"]},"cpd16c11c429":{"name":"Afspil dvd'er","children":["dvdp1fe13dc6","dvdpc544c7bd","cpdv1503"]},"cpe628a4eff3":{"name":"Tilpas afspilning","children":["dvdp7a064d1e","dvdp80843490","dvdpb345d91c"]},"cp19099363fc":{"name":"Definer Dvd-afspillers indstillinger","children":["dvdp27aac27d","dvdp0a2b41ad","dvdp0a5af3e2"]}},"birdseed_version":5,"toc":["dvdpe3f14407","cpd16c11c429","cpe628a4eff3","cp19099363fc","cp6696074bcc","dvdp002","dvdp7b6ba5fb"],"locale":"da","version":"10.12","enable_tracking":false,"source_schema":"apd-schema","platform":"mac","build_date":"2016.05.27-15:49:30","landing":"dvdp34657","product":"dvdplayer","urls":{},"copyright":"","show_previous_next":false,"topics":{"cpdv1503":{"name":"Indstil region for dit dvd-drev"},"dvdpb345d91c":{"name":"Tilpas udgående lyd"},"cpprefhd":{"name":"HD-indstillinger","searchName":"Indstillinger til HD (High Definition) i Dvd-afspiller"},"dvdpe3f14407":{"name":"Oversigt over Dvd-afspiller"},"dvdp1fe13dc6":{"name":"Afspil en dvd eller et dvd-filmarkiv"},"cp07b793f71b":{"name":"Indstillinger ti vinduer","searchName":"Indstillinger til vinduer i Dvd-afspiller"},"cpgetinfo":{"name":"Reference til diskinfo","searchName":"Reference til info om dvd"},"cpprefsetup":{"name":"Indstilling af disk","searchName":"Indstillinger til disk i Dvd-afspiller"},"cpc33eab4374":{"name":"Indstillinger til afspilleren","searchName":"Indstillinger til afspiller i Dvd-afspiller"},"dvdp7b6ba5fb":{"name":"Fejlfinding"},"dvdp7f7af460":{"name":"Få adgang til websteder fra dvd'er","searchName":"Få adgang til websteder fra dvd'er i Dvd-afspiller"},"dvdpc544c7bd":{"name":"Brug filmkapitler og bogmærker"},"dvdp80843490":{"name":"Skift videozoom, kvalitet og farve"},"dvdp7a064d1e":{"name":"Skift størrelse på filmvindue og placering"},"dvdp0a2b41ad":{"name":"Angiv indstillinger til filmvindue"},"dvdp2c6b4c36":{"name":"Vis et specielt billede, når en disk stopper"},"cpgetparent":{"name":"Indstillinger for børnesikring","searchName":"Indstillinger til børnesikring i Dvd-afspiller"},"cp298cc6ec17":{"name":"Indstillinger til Tidligere vist","searchName":"Indstillinger til Tidligere vist i Dvd-afspiller"},"dvdp34657":{"name":"Hjælp til Dvd-afspiller","href":"dvdp34657.html","categories":["landing"]},"dvdp27aac27d":{"name":"Indstil undertekster, sprog og indstillinger for closed captioning"},"dvdp75b83f20":{"name":"Slå børnesikring og godkendelse af diske til","searchName":"Slå børnesikring og godkendelse af diske til i Dvd-afspiller"},"dvdp2951112b":{"name":"Indstil et interval for vågeblus","searchName":"Indstil et interval for vågeblus i Dvd-afspiller"},"dvdp0a5af3e2":{"name":"Genbrug en disks indstillinger"},"dvdp002":{"name":"Tastaturgenveje og bevægelser","href":"dvdp002.html"},"dvdpe9c49f6c":{"name":"Vis info om disk","searchName":"Vis info om dvd med film"}},"copyright_text":"© 2016 Apple Inc. Alle rettigheder forbeholdes."}