{"css":"","framework":"duck-10.0.0","title":"DVD-Player-Hilfe","build_id":"5748cad9680ce24c307166df","icon":"..\/SharedGlobalArt\/AppIconDefault_DVD.png","sections":{"cp6696074bcc":{"name":"Erweiterte Funktionen","children":["dvdpe9c49f6c","dvdp75b83f20","dvdp2951112b"]},"cpd16c11c429":{"name":"Wiedergeben von DVDs","children":["dvdp1fe13dc6","dvdpc544c7bd","cpdv1503"]},"cpe628a4eff3":{"name":"Anpassen der Wiedergabe","children":["dvdp7a064d1e","dvdp80843490","dvdpb345d91c"]},"cp19099363fc":{"name":"Festlegen der DVD-Player-Einstellungen","children":["dvdp27aac27d","dvdp0a2b41ad","dvdp0a5af3e2"]}},"birdseed_version":5,"toc":["dvdpe3f14407","cpd16c11c429","cpe628a4eff3","cp19099363fc","cp6696074bcc","dvdp002","dvdp7b6ba5fb"],"locale":"de","version":"10.12","enable_tracking":false,"source_schema":"apd-schema","platform":"mac","build_date":"2016.05.27-15:45:07","landing":"dvdp34657","product":"dvdplayer","urls":{},"copyright":"","show_previous_next":false,"topics":{"cpdv1503":{"name":"Festlegen der Region des DVD-Laufwerks"},"dvdpb345d91c":{"name":"Anpassen der Audioausgabe"},"cpprefhd":{"name":"Einstellungen im Bereich „High Definition“","searchName":"Einstellungen im Bereich „High Definition“ im DVD-Player"},"dvdpe3f14407":{"name":"DVD-Player – Übersicht"},"dvdp1fe13dc6":{"name":"Wiedergeben einer DVD oder DVD-Filmdatei"},"cp07b793f71b":{"name":"Einstellungen „Fenster“","searchName":"Einstellungen im Bereich „Player“ im DVD-Player"},"cpgetinfo":{"name":"DVD-Informationen-Referenz","searchName":"DVD-Informationen-Referenz"},"cpprefsetup":{"name":"Einstellungen im Bereich „DVDs“","searchName":"Einstellungen im Bereich „DVDs“ im DVD-Player"},"cpc33eab4374":{"name":"Einstellungen im Bereich „Player“","searchName":"Einstellungen im Bereich „Player“ im DVD-Player"},"dvdp7b6ba5fb":{"name":"Fehlerbeseitigung"},"dvdp7f7af460":{"name":"Zugriff auf Websites von DVDs","searchName":"Zugriff auf Websites von DVDs in DVD-Player"},"dvdpc544c7bd":{"name":"Verwenden von Filmkapiteln und Lesezeichen"},"dvdp80843490":{"name":"Ändern von Video-Zoom, -Qualität und -Farbe"},"dvdp7a064d1e":{"name":"Ändern von Größe und Position eines Filmfensters"},"dvdp0a2b41ad":{"name":"Festlegen der Einstellungen für Filmfenster"},"dvdp2c6b4c36":{"name":"Anzeigen eines eigenen Bilds beim Stoppen einer DVD"},"cpgetparent":{"name":"Einstellungen im Bereich „Kindersicherung“","searchName":"Einstellungen im Bereich „Kindersicherung“ im DVD-Player"},"cp298cc6ec17":{"name":"Einstellungen im Bereich „Zuletzt angesehen“","searchName":"Einstellungen im Bereich „Zuletzt angesehen“ im DVD-Player"},"dvdp34657":{"name":"DVD-Player-Hilfe","href":"dvdp34657.html","categories":["landing"]},"dvdp27aac27d":{"name":"Festlegen der Einstellungen für Untertitel, Sprache und erweiterte Untertitel"},"dvdp75b83f20":{"name":"Aktivieren der Kindersicherung und Freigeben von DVDs","searchName":"Aktivieren der Kindersicherung und Freigeben von DVDs in DVD-Player"},"dvdp2951112b":{"name":"Einstellen des Timers","searchName":"Verwenden Sie den Timer von DVD-Player"},"dvdp0a5af3e2":{"name":"Erneutes Verwenden von DVD-Einstellungen"},"dvdp002":{"name":"Tastaturkurzbefehle und Gesten","href":"dvdp002.html"},"dvdpe9c49f6c":{"name":"Abrufen von Informationen über DVDs","searchName":"Abrufen von Informationen über DVD-Filme"}},"copyright_text":"© 2016 Apple Inc. Alle Rechte vorbehalten."}