{"css":"","framework":"duck-10.0.0","title":"Trợ giúp Trình phát DVD","build_id":"5748cabf680ce24c3071665a","icon":"..\/SharedGlobalArt\/AppIconDefault_DVD.png","sections":{"cp6696074bcc":{"name":"Tính năng nâng cao","children":["dvdpe9c49f6c","dvdp75b83f20","dvdp2951112b"]},"cpd16c11c429":{"name":"Phát DVD","children":["dvdp1fe13dc6","dvdpc544c7bd","cpdv1503"]},"cpe628a4eff3":{"name":"Tùy chỉnh phát lại","children":["dvdp7a064d1e","dvdp80843490","dvdpb345d91c"]},"cp19099363fc":{"name":"Đặt tùy chọn Trình phát DVD","children":["dvdp27aac27d","dvdp0a2b41ad","dvdp0a5af3e2"]}},"birdseed_version":5,"toc":["dvdpe3f14407","cpd16c11c429","cpe628a4eff3","cp19099363fc","cp6696074bcc","dvdp002","dvdp7b6ba5fb"],"locale":"vi","version":"10.12","enable_tracking":false,"source_schema":"apd-schema","platform":"mac","build_date":"2016.05.27-16:00:56","landing":"dvdp34657","product":"dvdplayer","urls":{},"copyright":"","show_previous_next":false,"topics":{"cpdv1503":{"name":"Đặt vùng ổ đĩa DVD của bạn"},"dvdpb345d91c":{"name":"Tùy chỉnh đầu ra âm thanh"},"cpprefhd":{"name":"Tùy chọn Độ phân giải Cao","searchName":"Tùy chọn Độ phân giải Cao trong Trình phát DVD"},"dvdpe3f14407":{"name":"Tổng quan Trình phát DVD"},"dvdp1fe13dc6":{"name":"Phát DVD hoặc tệp phim DVD"},"cp07b793f71b":{"name":"Tùy chọn Cửa sổ","searchName":"Tùy chọn Cửa sổ trong Trình phát DVD"},"cpgetinfo":{"name":"Tham khảo Thông tin Đĩa","searchName":"Tham khảo Thông tin Đĩa DVD"},"cpprefsetup":{"name":"Tùy chọn Thiết lập Đĩa","searchName":"Tùy chọn Thiết lập Đĩa trong Trình phát DVD"},"cpc33eab4374":{"name":"Tùy chọn Trình phát","searchName":"Tùy chọn Trình phát trong Trình phát DVD"},"dvdp7b6ba5fb":{"name":"Khắc phục sự cố"},"dvdp7f7af460":{"name":"Truy cập trang web từ DVD","searchName":"Truy cập các trang web từ DVD trong Trình phát DVD"},"dvdpc544c7bd":{"name":"Sử dụng các chương của phim và dấu trang"},"dvdp80843490":{"name":"Thay đổi thu phóng, chất lượng và màu video"},"dvdp7a064d1e":{"name":"Thay đổi kích cỡ và vị trí cửa sổ phim"},"dvdp0a2b41ad":{"name":"Đặt tùy chọn cửa sổ phim"},"dvdp2c6b4c36":{"name":"Hiển thị hình ảnh tùy chỉnh khi đĩa dừng phát"},"cpgetparent":{"name":"Tùy chọn Kiểm soát của Phụ huynh","searchName":"Tùy chọn Kiểm soát của Phụ huynh trong Trình phát DVD"},"cp298cc6ec17":{"name":"Tùy chọn Đã xem Trước đây","searchName":"Tùy chọn Đã xem Trước đây trong Trình phát DVD"},"dvdp34657":{"name":"Trợ giúp Trình phát DVD","href":"dvdp34657.html","categories":["landing"]},"dvdp27aac27d":{"name":"Đặt các tùy chọn phụ đề, ngôn ngữ và thuyết minh"},"dvdp75b83f20":{"name":"Bật kiểm soát của phụ huynh và cấp phép đĩa","searchName":"Bật kiểm soát của phụ huynh và cấp phép đĩa trong Trình phát DVD"},"dvdp2951112b":{"name":"Đặt hẹn giờ tắt","searchName":"Đặt hẹn giờ tắt trong Trình phát DVD"},"dvdp0a5af3e2":{"name":"Sử dụng lại tùy chọn của đĩa"},"dvdp002":{"name":"Phím tắt trên bàn phím và cử chỉ","href":"dvdp002.html"},"dvdpe9c49f6c":{"name":"Lấy thông tin đĩa","searchName":"Lấy thông tin đĩa phim DVD"}},"copyright_text":"© 2016 Apple Inc. Mọi quyền được bảo lưu."}