{"css":"","framework":"duck-10.0.0","title":"DVD 播放程序帮助","build_id":"5748cad2680ce24c307166bc","icon":"..\/SharedGlobalArt\/AppIconDefault_DVD.png","sections":{"cp6696074bcc":{"name":"高级功能","children":["dvdpe9c49f6c","dvdp75b83f20","dvdp2951112b"]},"cpd16c11c429":{"name":"播放 DVD","children":["dvdp1fe13dc6","dvdpc544c7bd","cpdv1503"]},"cpe628a4eff3":{"name":"自定回放","children":["dvdp7a064d1e","dvdp80843490","dvdpb345d91c"]},"cp19099363fc":{"name":"设定“DVD 播放程序”偏好设置","children":["dvdp27aac27d","dvdp0a2b41ad","dvdp0a5af3e2"]}},"birdseed_version":5,"toc":["dvdpe3f14407","cpd16c11c429","cpe628a4eff3","cp19099363fc","cp6696074bcc","dvdp002","dvdp7b6ba5fb"],"locale":"zh-cn","version":"10.12","enable_tracking":false,"source_schema":"apd-schema","platform":"mac","build_date":"2016.05.27-15:45:10","landing":"dvdp34657","product":"dvdplayer","urls":{},"copyright":"","show_previous_next":false,"topics":{"cpdv1503":{"name":"设定 DVD 驱动器的区域","searchName":"在“DVD 播放程序”中设定 DVD 驱动器的区域"},"dvdpb345d91c":{"name":"自定音频输出","searchName":"在“DVD 播放程序”中自定音频输出"},"cpprefhd":{"name":"“高清晰度”偏好设置","searchName":"“DVD 播放程序”中的“高清晰度”偏好设置"},"dvdpe3f14407":{"name":"DVD 播放程序概览"},"dvdp1fe13dc6":{"name":"播放 DVD 或 DVD 影片文件","searchName":"在“DVD 播放程序”中播放 DVD 或 DVD 影片文件"},"cp07b793f71b":{"name":"“窗口”偏好设置","searchName":"“DVD 播放程序”中的“窗口”偏好设置"},"cpgetinfo":{"name":"“光盘简介”偏好设置","searchName":"DVD“光盘简介”偏好设置"},"cpprefsetup":{"name":"“光盘设置”偏好设置","searchName":"“DVD 播放程序”中的“光盘设置”偏好设置"},"cpc33eab4374":{"name":"“播放程序”偏好设置","searchName":"“DVD 播放程序”中的“播放程序”偏好设置"},"dvdp7b6ba5fb":{"name":"故障诊断"},"dvdp7f7af460":{"name":"从 DVD 访问网站","searchName":"在“DVD 播放程序”中，从 DVD 访问网站"},"dvdpc544c7bd":{"name":"使用影片章节和书签","searchName":"在“DVD 播放程序”中使用影片章节和书签"},"dvdp80843490":{"name":"更改视频缩放、质量和颜色","searchName":"在“DVD 播放程序”中更改视频缩放、质量和颜色"},"dvdp7a064d1e":{"name":"更改影片窗口的大小和位置","searchName":"在“DVD 播放程序”中更改影片窗口的大小和位置"},"dvdp0a2b41ad":{"name":"设定影片“窗口”偏好设置","searchName":"在“DVD 播放程序”中设定影片窗口偏好设置"},"dvdp2c6b4c36":{"name":"停止播放光盘时显示自定图像"},"cpgetparent":{"name":"“家长控制”偏好设置","searchName":"“DVD 播放程序”中的“家长控制”偏好设置"},"cp298cc6ec17":{"name":"“以前观看过的光盘”偏好设置","searchName":"“DVD 播放程序”中的“以前观看过的光盘”偏好设置"},"dvdp34657":{"name":"DVD 播放程序帮助","href":"dvdp34657.html","categories":["landing"]},"dvdp27aac27d":{"name":"设定字幕、语言和隐藏式字幕偏好设置","searchName":"在“DVD 播放程序”中设定字幕、语言和隐藏式字幕偏好设置"},"dvdp75b83f20":{"name":"打开家长控制和对光盘授权","searchName":"在“DVD 播放程序”中打开家长控制和对光盘授权"},"dvdp2951112b":{"name":"设定睡眠定时器","searchName":"在“DVD 播放程序”中设定睡眠定时器"},"dvdp0a5af3e2":{"name":"重新使用光盘的偏好设置","searchName":"在“DVD 播放程序”中重新使用光盘的偏好设置"},"dvdp002":{"name":"键盘快捷键和手势","href":"dvdp002.html"},"dvdpe9c49f6c":{"name":"获得光盘信息","searchName":"获得 DVD 影片光盘信息"}},"copyright_text":"© 2016 Apple Inc.保留一切权利。"}