{"css":"","framework":"duck-10.0.0","title":"Ajutor DVD Player","build_id":"5748cac3680ce24c3071666f","icon":"..\/SharedGlobalArt\/AppIconDefault_DVD.png","sections":{"cp6696074bcc":{"name":"Funcționalități avansate","children":["dvdpe9c49f6c","dvdp75b83f20","dvdp2951112b"]},"cpd16c11c429":{"name":"Redarea DVD-urilor","children":["dvdp1fe13dc6","dvdpc544c7bd","cpdv1503"]},"cpe628a4eff3":{"name":"Personalizarea redării","children":["dvdp7a064d1e","dvdp80843490","dvdpb345d91c"]},"cp19099363fc":{"name":"Configurarea preferințelor DVD Player","children":["dvdp27aac27d","dvdp0a2b41ad","dvdp0a5af3e2"]}},"birdseed_version":5,"toc":["dvdpe3f14407","cpd16c11c429","cpe628a4eff3","cp19099363fc","cp6696074bcc","dvdp002","dvdp7b6ba5fb"],"locale":"ro","version":"10.12","enable_tracking":false,"source_schema":"apd-schema","platform":"mac","build_date":"2016.05.27-15:37:00","landing":"dvdp34657","product":"dvdplayer","urls":{},"copyright":"","show_previous_next":false,"topics":{"cpdv1503":{"name":"Configurarea regiunii unității DVD"},"dvdpb345d91c":{"name":"Personalizarea ieșirii audio"},"cpprefhd":{"name":"Preferințele Înaltă definiție","searchName":"Preferințele Înaltă definiție în DVD Player"},"dvdpe3f14407":{"name":"Privire de ansamblu DVD Player"},"dvdp1fe13dc6":{"name":"Redarea unui DVD sau a unui fișier de film DVD"},"cp07b793f71b":{"name":"Preferințele Ferestre","searchName":"Preferințele Ferestre în DVD Player"},"cpgetinfo":{"name":"Referințe pentru Informații disc","searchName":"Referințe pentru Informații disc DVD"},"cpprefsetup":{"name":"Preferințele Configurare disc","searchName":"Preferințele Configurare disc în DVD Player"},"cpc33eab4374":{"name":"Preferințele Player","searchName":"Preferințele Player în DVD Player"},"dvdp7b6ba5fb":{"name":"Depanare"},"dvdp7f7af460":{"name":"Accesarea site-urilor web de pe DVD-uri","searchName":"Accesarea site-urilor web de pe DVD-uri în DVD Player"},"dvdpc544c7bd":{"name":"Utilizarea capitolelor și favoritelor pentru filme"},"dvdp80843490":{"name":"Modificarea nivelului de zoom, calității și culorii"},"dvdp7a064d1e":{"name":"Schimbarea dimensiunii și poziției ferestrei filmului"},"dvdp0a2b41ad":{"name":"Configurarea preferințelor pentru fereastra filmului"},"dvdp2c6b4c36":{"name":"Afișarea unei imagini personalizate la oprirea unui disc"},"cpgetparent":{"name":"Preferințele Control parental","searchName":"Preferințele Control parental în DVD Player"},"cp298cc6ec17":{"name":"Preferințele Vizionat anterior","searchName":"Preferințele Vizionat anterior în DVD Player"},"dvdp34657":{"name":"Ajutor DVD Player","href":"dvdp34657.html","categories":["landing"]},"dvdp27aac27d":{"name":"Configurarea preferințelor pentru subtitrări, limbă și subtitrări complexe"},"dvdp75b83f20":{"name":"Activarea controalelor parentale și autorizarea discurilor","searchName":"Activarea controalelor parentale și autorizarea discurilor în DVD Player"},"dvdp2951112b":{"name":"Configurarea unui temporizator de adormire","searchName":"Configurarea unui temporizator de adormire în DVD Player"},"dvdp0a5af3e2":{"name":"Refolosirea preferințelor unui disc"},"dvdp002":{"name":"Scurtături din tastatură și gesturi","href":"dvdp002.html"},"dvdpe9c49f6c":{"name":"Obținerea informațiilor despre disc","searchName":"Obținerea informațiilor despre discul de film DVD"}},"copyright_text":"© 2016 Apple Inc. Toate drepturile rezervate."}