{"css":"","framework":"duck-10.0.0","title":"Dvd-speler Help","build_id":"5748cadd680ce24c307166f4","icon":"..\/SharedGlobalArt\/AppIconDefault_DVD.png","sections":{"cp6696074bcc":{"name":"Geavanceerde functies","children":["dvdpe9c49f6c","dvdp75b83f20","dvdp2951112b"]},"cpd16c11c429":{"name":"Dvd's afspelen","children":["dvdp1fe13dc6","dvdpc544c7bd","cpdv1503"]},"cpe628a4eff3":{"name":"Het afspelen aanpassen","children":["dvdp7a064d1e","dvdp80843490","dvdpb345d91c"]},"cp19099363fc":{"name":"Voorkeuren voor Dvd-speler instellen","children":["dvdp27aac27d","dvdp0a2b41ad","dvdp0a5af3e2"]}},"birdseed_version":5,"toc":["dvdpe3f14407","cpd16c11c429","cpe628a4eff3","cp19099363fc","cp6696074bcc","dvdp002","dvdp7b6ba5fb"],"locale":"nl","version":"10.12","enable_tracking":false,"source_schema":"apd-schema","platform":"mac","build_date":"2016.05.27-15:44:35","landing":"dvdp34657","product":"dvdplayer","urls":{},"copyright":"","show_previous_next":false,"topics":{"cpdv1503":{"name":"De regio van uw dvd-schijf instellen"},"dvdpb345d91c":{"name":"Geluidsuitvoer aanpassen"},"cpprefhd":{"name":"Het voorkeurenpaneel 'High Definition'","searchName":"Het voorkeurenpaneel 'High Definition' in Dvd-speler"},"dvdpe3f14407":{"name":"Overzicht Dvd-speler"},"dvdp1fe13dc6":{"name":"Een dvd of een dvd-filmbestand afspelen"},"cp07b793f71b":{"name":"Het voorkeurenpaneel 'Vensters'","searchName":"Het voorkeurenpaneel 'Vensters' in Dvd-speler"},"cpgetinfo":{"name":"Voorkeuren 'Schijfinfo'","searchName":"Voorkeuren informatie dvd-schijf"},"cpprefsetup":{"name":"Het voorkeurenpaneel 'Schijfconfiguratie'","searchName":"Het voorkeurenpaneel 'Schijfconfiguratie' in Dvd-speler"},"cpc33eab4374":{"name":"Het voorkeurenpaneel 'Speler'","searchName":"Het voorkeurenpaneel 'Speler' in Dvd-speler"},"dvdp7b6ba5fb":{"name":"Problemen oplossen"},"dvdp7f7af460":{"name":"Websites openen vanaf een dvd","searchName":"Vanaf dvd's in Dvd-speler naar websites gaan"},"dvdpc544c7bd":{"name":"Hoofdstukken en bladwijzers in films gebruiken"},"dvdp80843490":{"name":"Zoomniveau, kwaliteit en kleur van video wijzigen"},"dvdp7a064d1e":{"name":"Grootte en locatie van het weergavevenster wijzigen"},"dvdp0a2b41ad":{"name":"Voorkeuren voor weergavevenster instellen"},"dvdp2c6b4c36":{"name":"Een aangepaste afbeelding weergeven wanneer een schijf stopt"},"cpgetparent":{"name":"Het voorkeurenpaneel 'Ouderlijk toezicht'","searchName":"Het voorkeurenpaneel 'Ouderlijk toezicht' in Dvd-speler"},"cp298cc6ec17":{"name":"Het voorkeurenpaneel 'Eerder afgespeeld'","searchName":"Het voorkeurenpaneel 'Eerder afgespeeld' in Dvd-speler"},"dvdp34657":{"name":"Dvd-speler Help","href":"dvdp34657.html","categories":["landing"]},"dvdp27aac27d":{"name":"Voorkeuren voor ondertiteling, taal en bijschriften voor spraak en geluiden instellen"},"dvdp75b83f20":{"name":"Ouderlijk toezicht inschakelen en identiteitscontrole voor schijven uitvoeren","searchName":"Ouderlijk toezicht inschakelen en identiteitscontrole voor schijven uitvoeren in Dvd-speler"},"dvdp2951112b":{"name":"Een timer voor de sluimerstand instellen","searchName":"Een timer voor de sluimerstand in Dvd-speler instellen"},"dvdp0a5af3e2":{"name":"De voorkeuren van een schijf opnieuw gebruiken"},"dvdp002":{"name":"Toetscombinaties en bewegingen","href":"dvdp002.html"},"dvdpe9c49f6c":{"name":"Schijfinfo weergeven","searchName":"Schijfinfo voor een dvd weergeven"}},"copyright_text":"© 2016 Apple Inc. Alle rechten voorbehouden."}