{"css":"","framework":"duck-10.0.0","title":"A DVD lejátszó súgója","build_id":"5748cac4680ce24c30716676","icon":"..\/SharedGlobalArt\/AppIconDefault_DVD.png","sections":{"cp6696074bcc":{"name":"Speciális funkciók","children":["dvdpe9c49f6c","dvdp75b83f20","dvdp2951112b"]},"cpd16c11c429":{"name":"DVD-k lejátszása","children":["dvdp1fe13dc6","dvdpc544c7bd","cpdv1503"]},"cpe628a4eff3":{"name":"A lejátszás testreszabása","children":["dvdp7a064d1e","dvdp80843490","dvdpb345d91c"]},"cp19099363fc":{"name":"A DVD lejátszó beállításainak megadása","children":["dvdp27aac27d","dvdp0a2b41ad","dvdp0a5af3e2"]}},"birdseed_version":5,"toc":["dvdpe3f14407","cpd16c11c429","cpe628a4eff3","cp19099363fc","cp6696074bcc","dvdp002","dvdp7b6ba5fb"],"locale":"hu","version":"10.12","enable_tracking":false,"source_schema":"apd-schema","platform":"mac","build_date":"2016.05.27-15:53:53","landing":"dvdp34657","product":"dvdplayer","urls":{},"copyright":"","show_previous_next":false,"topics":{"cpdv1503":{"name":"A DVD-régió beállítása"},"dvdpb345d91c":{"name":"Hangkimenet testre szabása"},"cpprefhd":{"name":"Nagy felbontás beállításai","searchName":"Nagy felbontás beállításai a DVD-lejátszóban"},"dvdpe3f14407":{"name":"A DVD-lejátszó áttekintője"},"dvdp1fe13dc6":{"name":"DVD-k vagy DVD-filmfájl lejátszása"},"cp07b793f71b":{"name":"Ablakbeállítások","searchName":"Ablakbeállítások a DVD-lejátszóban"},"cpgetinfo":{"name":"Lemezinfó-referencia","searchName":"DVD lemezinfó-referencia"},"cpprefsetup":{"name":"Lemezbeállítások","searchName":"Lemezbeállítások a DVD-lejátszóban"},"cpc33eab4374":{"name":"Lejátszás beállításai","searchName":"Lejátszás beállításai a DVD-lejátszóban"},"dvdp7b6ba5fb":{"name":"Hibakeresés"},"dvdp7f7af460":{"name":"Weboldalak megnyitása DVD-ről","searchName":"Weboldalak megnyitása a DVD lejátszóban"},"dvdpc544c7bd":{"name":"Filmfejezetek és könyvjelzők használata"},"dvdp80843490":{"name":"A videó nagyításának, minőségének és színének módosítása"},"dvdp7a064d1e":{"name":"A filmablak méretének és helyének módosítása"},"dvdp0a2b41ad":{"name":"A filmablak beállításainak megadása"},"dvdp2c6b4c36":{"name":"Egyéni kép megjelenítése a lemez leállításakor"},"cpgetparent":{"name":"Szülői felügyeleti beállítások","searchName":"Szülői felügyelet beállításai a DVD-lejátszóban"},"cp298cc6ec17":{"name":"A Korábban látott beállításai","searchName":"A Korábban látott beállításai a DVD-lejátszóban"},"dvdp34657":{"name":"A DVD lejátszó súgója","href":"dvdp34657.html","categories":["landing"]},"dvdp27aac27d":{"name":"A feliratok, a nyelvek és a szöveges átiratok beállításai"},"dvdp75b83f20":{"name":"Szülői felügyelet bekapcsolása és lemezek engedélyezése","searchName":"Szülői felügyelet bekapcsolása és lemezek engedélyezése a DVD-lejátszóban"},"dvdp2951112b":{"name":"Alvási időzítő beállítása","searchName":"Időzítő beállítása a DVD-lejátszóban"},"dvdp0a5af3e2":{"name":"Lemez beállításainak újbóli használata"},"dvdp002":{"name":"Billentyűkombinációk és kézmozdulatok","href":"dvdp002.html"},"dvdpe9c49f6c":{"name":"Lemezinfó begyűjtése","searchName":"DVD-filmlemez információinak beolvasása"}},"copyright_text":"© 2016 Apple Inc. Minden jog fenntartva."}