{"css":"","framework":"duck-10.0.0","title":"DVD 플레이어 도움말","build_id":"5748caba680ce24c3071663e","icon":"..\/SharedGlobalArt\/AppIconDefault_DVD.png","sections":{"cp6696074bcc":{"name":"고급 기능","children":["dvdpe9c49f6c","dvdp75b83f20","dvdp2951112b"]},"cpd16c11c429":{"name":"DVD 재생하기","children":["dvdp1fe13dc6","dvdpc544c7bd","cpdv1503"]},"cpe628a4eff3":{"name":"재생 사용자화하기","children":["dvdp7a064d1e","dvdp80843490","dvdpb345d91c"]},"cp19099363fc":{"name":"DVD 플레이어 환경설정 설정하기","children":["dvdp27aac27d","dvdp0a2b41ad","dvdp0a5af3e2"]}},"birdseed_version":5,"toc":["dvdpe3f14407","cpd16c11c429","cpe628a4eff3","cp19099363fc","cp6696074bcc","dvdp002","dvdp7b6ba5fb"],"locale":"ko","version":"10.12","enable_tracking":false,"source_schema":"apd-schema","platform":"mac","build_date":"2016.05.27-15:45:06","landing":"dvdp34657","product":"dvdplayer","urls":{},"copyright":"","show_previous_next":false,"topics":{"cpdv1503":{"name":"DVD 드라이브 지역 설정하기"},"dvdpb345d91c":{"name":"오디오 출력 사용자화하기"},"cpprefhd":{"name":"고해상도 환경설정","searchName":"DVD 플레이어에서 고해상도 환경설정"},"dvdpe3f14407":{"name":"DVD 플레이어 개요"},"dvdp1fe13dc6":{"name":"DVD 또는 DVD 동영상 파일 재생하기"},"cp07b793f71b":{"name":"윈도우 환경설정","searchName":"DVD 플레이어에서 윈도우 환경설정"},"cpgetinfo":{"name":"디스크 정보 참고","searchName":"DVD 디스크 정보 참고"},"cpprefsetup":{"name":"디스크 설정 환경설정","searchName":"DVD 플레이어에서 디스크 설정 환경설정"},"cpc33eab4374":{"name":"플레이어 환경설정","searchName":"DVD 플레이어에서 플레이어 환경설정"},"dvdp7b6ba5fb":{"name":"문제 해결"},"dvdp7f7af460":{"name":"DVD로부터 웹 사이트에 접근하기","searchName":"DVD 플레이어에서 DVD로부터 웹 사이트에 접근하기"},"dvdpc544c7bd":{"name":"동영상의 장 및 책갈피 사용하기"},"dvdp80843490":{"name":"비디오 확대\/축소, 화질 및 색상 변경하기"},"dvdp7a064d1e":{"name":"동영상 윈도우 크기 및 위치 변경하기"},"dvdp0a2b41ad":{"name":"동영상 윈도우 환경설정 설정하기"},"dvdp2c6b4c36":{"name":"디스크 중단 시 사용자 설정 이미지 표시하기"},"cpgetparent":{"name":"유해 콘텐츠 차단 환경설정","searchName":"DVD 플레이어에서 유해 콘텐츠 차단 환경설정"},"cp298cc6ec17":{"name":"이전에 본 디스크 환경설정","searchName":"DVD 플레이어에서 이전에 본 디스크 환경설정"},"dvdp34657":{"name":"DVD 플레이어 도움말","href":"dvdp34657.html","categories":["landing"]},"dvdp27aac27d":{"name":"자막, 언어 및 청각 장애인용 자막 환경설정 설정하기"},"dvdp75b83f20":{"name":"유해 콘텐츠 차단 켜기 및 디스크 인증하기","searchName":"DVD 플레이어에서 유해 콘텐츠 차단 켜기 및 디스크 인증하기"},"dvdp2951112b":{"name":"잠자기 타이머 설정하기","searchName":"DVD 플레이어에서 잠자기 타이머 설정하기"},"dvdp0a5af3e2":{"name":"디스크 환경설정 다시 사용하기"},"dvdp002":{"name":"키보드 단축키 및 제스처","href":"dvdp002.html"},"dvdpe9c49f6c":{"name":"디스크 정보 가져오기","searchName":"DVD 동영상 디스크 정보 가져오기"}},"copyright_text":"© 2016 Apple Inc. 모든 권리 보유."}