{"css":"","framework":"duck-10.0.0","title":"วิธีใช้เครื่องเล่นดีวีดี","build_id":"5748cad7680ce24c307166d1","icon":"..\/SharedGlobalArt\/AppIconDefault_DVD.png","sections":{"cp6696074bcc":{"name":"คุณสมบัติขั้นสูง","children":["dvdpe9c49f6c","dvdp75b83f20","dvdp2951112b"]},"cpd16c11c429":{"name":"การเล่นแผ่นดีวีดี","children":["dvdp1fe13dc6","dvdpc544c7bd","cpdv1503"]},"cpe628a4eff3":{"name":"การปรับแต่งการเล่นด้วยตัวเอง","children":["dvdp7a064d1e","dvdp80843490","dvdpb345d91c"]},"cp19099363fc":{"name":"การติดตั้งการตั้งค่าเครื่องเล่น DVD","children":["dvdp27aac27d","dvdp0a2b41ad","dvdp0a5af3e2"]}},"birdseed_version":5,"toc":["dvdpe3f14407","cpd16c11c429","cpe628a4eff3","cp19099363fc","cp6696074bcc","dvdp002","dvdp7b6ba5fb"],"locale":"th","version":"10.12","enable_tracking":false,"source_schema":"apd-schema","platform":"mac","build_date":"2016.05.27-15:48:50","landing":"dvdp34657","product":"dvdplayer","urls":{},"copyright":"","show_previous_next":false,"topics":{"cpdv1503":{"name":"การตั้งค่าภูมิภาคไดรฟ์ DVD ของคุณ"},"dvdpb345d91c":{"name":"การปรับแต่งเสียงออกด้วยตัวเอง"},"cpprefhd":{"name":"การตั้งค่าความละเอียดสูง","searchName":"การตั้งค่าความละเอียดสูงในเครื่องเล่น DVD"},"dvdpe3f14407":{"name":"ภาพรวมเครื่องเล่น DVD"},"dvdp1fe13dc6":{"name":"การเล่นแผ่นดีวีดีหรือไฟล์ภาพยนตร์ DVD"},"cp07b793f71b":{"name":"การตั้งค่าหน้าต่าง","searchName":"การตั้งค่าหน้าต่างในเครื่องเล่น DVD"},"cpgetinfo":{"name":"การอ้างอิงข้อมูลดิสก์","searchName":"การอ้างอิงข้อมูลแผ่นดีวีดี"},"cpprefsetup":{"name":"การตั้งค่าการตั้งค่าดิสก์","searchName":"การตั้งค่าดิสก์ในเครื่องเล่น DVD"},"cpc33eab4374":{"name":"การตั้งค่าเครื่องเล่น","searchName":"การตั้งค่าเครื่องเล่นในเครื่องเล่น DVD"},"dvdp7b6ba5fb":{"name":"การแก้ไขปัญหา"},"dvdp7f7af460":{"name":"การเข้าถึงเว็บไซต์จากแผ่นดีวีดี","searchName":"การเข้าถึงเว็บไซต์จากแผ่นดีวีดีในเครื่องเล่น DVD"},"dvdpc544c7bd":{"name":"การใช้บทและที่คั่นหน้าของภาพยนตร์"},"dvdp80843490":{"name":"การเปลี่ยนการซูม คุณภาพ และสีของวิดีโอ"},"dvdp7a064d1e":{"name":"การเปลี่ยนขนาดหน้าต่างและตำแหน่งของภาพยนตร์"},"dvdp0a2b41ad":{"name":"การติดตั้งการตั้งค่าหน้าต่าง"},"dvdp2c6b4c36":{"name":"การแสดงรูปภาพที่กำหนดเองเมื่อดิสก์หยุด"},"cpgetparent":{"name":"การตั้งค่าการควบคุมโดยผู้ปกครอง","searchName":"การตั้งค่าการควบคุมโดยผู้ปกครองในเครื่องเล่น DVD"},"cp298cc6ec17":{"name":"การตั้งค่าสิ่งที่ดูก่อนหน้านี้","searchName":"การตั้งค่าสิ่งที่ดูก่อนหน้านี้ในเครื่องเล่น DVD"},"dvdp34657":{"name":"วิธีใช้เครื่องเล่นดีวีดี","href":"dvdp34657.html","categories":["landing"]},"dvdp27aac27d":{"name":"ตั้งค่าคำบรรยาย ภาษา และการตั้งค่าคำบรรยายภาพ"},"dvdp75b83f20":{"name":"การเปิดการควบคุมโดยผู้ปกครองและการอนุญาตดิสก์","searchName":"เปิดการควบคุมโดยผู้ปกครองและการอนุญาตดิสก์ในเครื่องเล่น DVD"},"dvdp2951112b":{"name":"ตั้งค่าตัวนับเวลาถอยหลังสู่การพัก","searchName":"ตั้งค่าตัวจับเวลาถอยหลังสู่การพักในเครื่องเล่น DVD"},"dvdp0a5af3e2":{"name":"การนำการตั้งค่าดิสก์กลับมาใช้ใหม่"},"dvdp002":{"name":"ปุ่มลัดแป้นพิมพ์และท่าทาง","href":"dvdp002.html"},"dvdpe9c49f6c":{"name":"การขอข้อมูลดิสก์","searchName":"ขอข้อมูลแผ่นดิสก์ภาพยนตร์แบบดีวีดี"}},"copyright_text":"© 2016 Apple Inc.สงวนลิขสิทธิ์"}