{"css":"","framework":"duck-10.0.0","title":"עזרה בנושא נגן ה-DVD","build_id":"5748cacb680ce24c30716692","icon":"..\/SharedGlobalArt\/AppIconDefault_DVD.png","sections":{"cp6696074bcc":{"name":"מאפיינים מתקדמים","children":["dvdpe9c49f6c","dvdp75b83f20","dvdp2951112b"]},"cpd16c11c429":{"name":"הפעלת תקליטורי DVD","children":["dvdp1fe13dc6","dvdpc544c7bd","cpdv1503"]},"cpe628a4eff3":{"name":"התאמה אישית של ההפעלה","children":["dvdp7a064d1e","dvdp80843490","dvdpb345d91c"]},"cp19099363fc":{"name":"הגדרת ההעדפות של נגן ה-DVD","children":["dvdp27aac27d","dvdp0a2b41ad","dvdp0a5af3e2"]}},"birdseed_version":5,"toc":["dvdpe3f14407","cpd16c11c429","cpe628a4eff3","cp19099363fc","cp6696074bcc","dvdp002","dvdp7b6ba5fb"],"locale":"he","version":"10.12","enable_tracking":false,"source_schema":"apd-schema","platform":"mac","build_date":"2016.05.27-15:58:45","landing":"dvdp34657","product":"dvdplayer","urls":{},"copyright":"","show_previous_next":false,"topics":{"cpdv1503":{"name":"הגדרת אזור כונן ה-DVD"},"dvdpb345d91c":{"name":"התאמה אישית של פלט שמע"},"cpprefhd":{"name":"העדפות איכות HD","searchName":"העדפות איכות HD בנגן ה-DVD"},"dvdpe3f14407":{"name":"מבט כולל על נגן ה-DVD"},"dvdp1fe13dc6":{"name":"הפעלת DVD או קובץ סרט DVD"},"cp07b793f71b":{"name":"העדפות חלונות","searchName":"העדפות חלונות בנגן ה-DVD"},"cpgetinfo":{"name":"הסברים בנושא פרטי התקליטור","searchName":"הסברים בנושא פרטי תקליטור DVD"},"cpprefsetup":{"name":"העדפות ״הגדרות תקליטור״","searchName":"העדפות ״הגדרות תקליטור״ בנגן ה-DVD"},"cpc33eab4374":{"name":"העדפות הנגן","searchName":"העדפות הנגן בנגן ה-DVD"},"dvdp7b6ba5fb":{"name":"פתרון בעיות"},"dvdp7f7af460":{"name":"גישה לאתרי אינטרנט מנגני DVD","searchName":"גישה לאתרי אינטרנט מתקליטורים בנגן DVD"},"dvdpc544c7bd":{"name":"שימוש בפרקים בסרט ובסימניות"},"dvdp80843490":{"name":"שינוי הגדרות הגדלה, איכות וצבע של הווידאו"},"dvdp7a064d1e":{"name":"שינוי המיקום והגודל של חלון הסרט"},"dvdp0a2b41ad":{"name":"הגדרת העדפות חלון של סרט"},"dvdp2c6b4c36":{"name":"הצג תמונה מותאמת אישית כשתקליטור נעצר"},"cpgetparent":{"name":"‏העדפות בקרת הורים","searchName":"העדפות ״בקרת הורים״ בנגן ה-DVD"},"cp298cc6ec17":{"name":"העדפות ״נצפו לאחרונה״","searchName":"העדפות ״נצפו לאחרונה״ בנגן ה-DVD"},"dvdp34657":{"name":"עזרה בנושא נגן ה-DVD","href":"dvdp34657.html","categories":["landing"]},"dvdp27aac27d":{"name":"הגדרת העדפות עבור כתוביות, שפה וכתוביות לכבדי שמיעה"},"dvdp75b83f20":{"name":"הפעלה של בקרת הורים ואישור תקליטורים","searchName":"הפעלה של בקרת הורים ואישור תקליטורים בנגן ה-DVD"},"dvdp2951112b":{"name":"הגדרת טיימר שינה","searchName":"הגדרת טיימר שינה בנגן ה-DVD"},"dvdp0a5af3e2":{"name":"שימוש חוזר בהעדפות תקליטור"},"dvdp002":{"name":"קיצורי מקלדת ומחוות","href":"dvdp002.html"},"dvdpe9c49f6c":{"name":"קבלת פרטי תקליטור","searchName":"קבלת פרטי תקליטור סרט מסוג DVD"}},"copyright_text":"‏© 2016 Apple בע״מ. כל הזכויות שמורות."}